compound_id	compound_name	disease_id	disease_name	rel_type	half_life_hours_curated	Aorta	Artery Coronary	Artery Tibial	Colon	Esophagus	Fat SQ	Fat Visceral	Heart Atrial	Liver	Lung	Nerve Tibial	Pituitary	Thyroid	score_note	metapath_cout	path_cout
DB01048	Abacavir	DOID:635	acquired immunodeficiency syndrome	TREATS_CtD	1.5400	0.0000	0.0000	0.0000	0.0000	0.0000	0.0000	0.0000	0.0000	0.0000	0.0000	0.0000	0.0000	0.0000	NaN	1	1.0000
DB05812	Abiraterone	DOID:10283	prostate cancer	TREATS_CtD	9.5000	NA	NA	NA	NA	NA	NA	NA	NA	NA	NA	NA	NA	NA	query drug and disease connected by genes not in CircaDB	1	0.0000
DB00284	Acarbose	DOID:9352	type 2 diabetes mellitus	TREATS_CtD	2.0000	0.0000	0.2197	0.0000	0.0000	0.7803	0.0000	0.0000	0.0000	0.0000	0.0000	0.0000	0.0000	0.0000	NaN	3	9.0000
DB00819	Acetazolamide	DOID:1826	epilepsy syndrome	TREATS_CtD	6.0000	0.0000	0.1830	0.5589	0.0000	0.7419	0.0000	0.0000	0.0000	0.0000	0.0000	0.7419	0.0000	0.0000	NaN	2	6.0000
DB00819	Acetazolamide	DOID:1686	glaucoma	TREATS_CtD	6.0000	0.0000	1.0000	0.0000	0.0000	1.0000	0.0000	0.0000	0.0000	0.0000	0.0000	1.0000	0.0000	0.0000	NaN	4	4.0000
DB00718	Adefovir Dipivoxil	DOID:2043	hepatitis B	TREATS_CtD	7.4800	0.0000	0.0000	0.5000	0.0000	0.0000	0.0000	0.0000	0.0000	0.0000	1.0000	0.5000	0.0000	0.0000	NaN	1	2.0000
DB00437	Allopurinol	DOID:13189	gout	TREATS_CtD	2.0000	NA	NA	NA	NA	NA	NA	NA	NA	NA	NA	NA	NA	NA	query drug and disease not connected by genes in hetionet	0	NA
DB00488	Altretamine	DOID:2394	ovarian cancer	TREATS_CtD	7.4500	NA	NA	NA	NA	NA	NA	NA	NA	NA	NA	NA	NA	NA	query drug and disease connected by genes not in CircaDB	2	0.0000
DB00594	Amiloride	DOID:10763	hypertension	TREATS_CtD	7.5000	0.0000	0.0240	0.1285	0.0000	0.0000	0.0000	0.8080	0.0047	0.3237	0.0000	0.0010	0.0047	0.6634	NaN	6	52.0000
DB01223	Aminophylline	DOID:2841	asthma	TREATS_CtD	8.0000	0.0000	0.0203	0.0000	0.0000	0.3249	0.0000	0.0000	0.0000	0.0000	0.0000	0.0000	0.0000	0.0000	NaN	2	13.0000
DB01223	Aminophylline	DOID:3083	chronic obstructive pulmonary disease	TREATS_CtD	8.0000	0.0000	0.0000	0.0000	0.0000	0.3465	0.0000	0.0000	0.0000	0.0000	0.0000	0.0000	0.0000	0.0000	NaN	2	4.0000
DB00701	Amprenavir	DOID:635	acquired immunodeficiency syndrome	TREATS_CtD	8.8500	NA	NA	NA	NA	NA	NA	NA	NA	NA	NA	NA	NA	NA	query drug and disease not connected by genes in hetionet	0	NA
DB00964	Apraclonidine	DOID:1686	glaucoma	TREATS_CtD	8.0000	NA	NA	NA	NA	NA	NA	NA	NA	NA	NA	NA	NA	NA	query drug and disease not connected by genes in hetionet	0	NA
DB01076	Atorvastatin	DOID:3393	coronary artery disease	TREATS_CtD	14.0000	0.0066	0.0066	0.0066	0.0151	0.0063	0.0000	0.0349	0.5183	0.0066	0.0000	0.0154	0.4749	0.0194	NaN	2	35.0000
DB01076	Atorvastatin	DOID:10763	hypertension	TREATS_CtD	14.0000	0.0000	0.0000	0.0000	0.0000	0.0000	0.0000	0.0000	1.0000	0.0000	0.0000	0.0000	1.0000	0.0000	NaN	1	2.0000
DB00394	Beclomethasone	DOID:2841	asthma	TREATS_CtD	2.8000	0.1115	0.5049	0.1092	0.1084	0.5112	0.0000	0.5668	0.4807	0.3419	0.0825	0.2777	0.0810	0.2709	NaN	3	167.0000
DB00394	Beclomethasone	DOID:8893	psoriasis	TREATS_CtD	2.8000	0.0831	0.5596	0.0612	0.0917	0.4314	0.0000	0.5495	0.5869	0.4253	0.0690	0.1945	0.0800	0.1923	NaN	6	155.0000
DB00542	Benazepril	DOID:10763	hypertension	TREATS_CtD	10.5000	0.0000	0.0000	0.0000	0.0000	0.8666	0.0000	1.0000	0.8666	0.0000	0.0000	0.8666	0.0000	0.0000	NaN	3	9.0000
DB00436	Bendroflumethiazide	DOID:10763	hypertension	TREATS_CtD	8.5000	0.0000	0.0000	0.0000	0.2641	0.0000	0.0000	0.0000	0.0000	0.0000	0.0000	0.2641	0.0000	0.0000	NaN	5	15.0000
DB00865	Benzphetamine	DOID:9970	obesity	TREATS_CtD	23.5000	0.0000	0.0000	0.0000	0.0000	1.0000	0.0000	0.0000	0.0000	0.0000	0.0000	0.0000	0.0000	0.0000	NaN	1	1.0000
DB00443	Betamethasone	DOID:4481	allergic rhinitis	TREATS_CtD	5.6000	0.0644	0.2041	0.0448	0.0618	0.1951	0.0303	0.2391	0.2090	0.1012	0.0503	0.1287	0.0389	0.0837	NaN	3	491.0000
DB00443	Betamethasone	DOID:7147	ankylosing spondylitis	TREATS_CtD	5.6000	0.0773	0.1642	0.0601	0.0595	0.2059	0.0319	0.2348	0.2270	0.0833	0.0575	0.1438	0.0354	0.0895	NaN	6	459.0000
DB00443	Betamethasone	DOID:2841	asthma	TREATS_CtD	5.6000	0.0894	0.2486	0.0744	0.0744	0.2571	0.0207	0.2697	0.2459	0.1322	0.0704	0.1667	0.0407	0.1026	NaN	4	745.0000
DB00443	Betamethasone	DOID:3310	atopic dermatitis	TREATS_CtD	5.6000	0.0742	0.1904	0.0442	0.0615	0.2067	0.0273	0.2934	0.2875	0.0968	0.0527	0.1311	0.0381	0.1004	NaN	4	495.0000
DB00443	Betamethasone	DOID:2377	multiple sclerosis	TREATS_CtD	5.6000	0.0741	0.1754	0.0422	0.0737	0.2028	0.0324	0.2091	0.2122	0.0803	0.0499	0.1248	0.0378	0.0851	NaN	3	519.0000
DB00443	Betamethasone	DOID:8893	psoriasis	TREATS_CtD	5.6000	0.0670	0.2071	0.0320	0.0460	0.2023	0.0693	0.2526	0.2779	0.0670	0.0468	0.1466	0.0347	0.0583	NaN	3	653.0000
DB00443	Betamethasone	DOID:9008	psoriatic arthritis	TREATS_CtD	5.6000	0.0613	0.1865	0.0332	0.0713	0.2077	0.0222	0.2392	0.2892	0.0828	0.0452	0.1012	0.0306	0.0754	NaN	5	573.0000
DB00443	Betamethasone	DOID:7148	rheumatoid arthritis	TREATS_CtD	5.6000	0.1176	0.2685	0.0836	0.1520	0.3132	0.0544	0.3215	0.3296	0.1087	0.1011	0.1416	0.0926	0.1505	NaN	8	1360.0000
DB00443	Betamethasone	DOID:9074	systemic lupus erythematosus	TREATS_CtD	5.6000	0.0621	0.1893	0.0688	0.0631	0.2002	0.0333	0.2614	0.2613	0.0882	0.0565	0.1304	0.0400	0.1301	NaN	5	1165.0000
DB00443	Betamethasone	DOID:8577	ulcerative colitis	TREATS_CtD	5.6000	0.0634	0.1921	0.0622	0.0847	0.2382	0.0359	0.2516	0.2238	0.1005	0.0539	0.1599	0.0463	0.0901	NaN	6	1021.0000
DB00195	Betaxolol	DOID:1686	glaucoma	TREATS_CtD	18.0000	NA	NA	NA	NA	NA	NA	NA	NA	NA	NA	NA	NA	NA	query drug and disease connected by genes not in CircaDB	1	0.0000
DB00195	Betaxolol	DOID:10763	hypertension	TREATS_CtD	18.0000	NA	NA	NA	NA	NA	NA	NA	NA	NA	NA	NA	NA	NA	query drug and disease connected by genes not in CircaDB	1	0.0000
DB00905	Bimatoprost	DOID:1686	glaucoma	TREATS_CtD	0.7500	NA	NA	NA	NA	NA	NA	NA	NA	NA	NA	NA	NA	NA	query drug and disease connected by genes not in CircaDB	6	0.0000
DB00290	Bleomycin	DOID:2994	germ cell cancer	TREATS_CtD	1.9200	0.0000	0.0095	0.0000	0.0000	0.0000	0.0095	0.1411	0.1411	0.0832	0.0000	0.0070	0.0000	0.0000	NaN	2	19.0000
DB00290	Bleomycin	DOID:0060073	lymphatic system cancer	TREATS_CtD	1.9200	0.0000	0.2714	0.0000	0.0000	0.0000	0.0000	0.0000	0.0000	0.0000	0.0000	0.0000	0.0000	0.2714	NaN	3	4.0000
DB00290	Bleomycin	DOID:1909	melanoma	TREATS_CtD	1.9200	0.0402	0.0762	0.0647	0.0506	0.4189	0.0000	0.0802	0.1536	0.0824	0.0289	0.0582	0.0130	0.0697	NaN	1	31.0000
DB00290	Bleomycin	DOID:4159	skin cancer	TREATS_CtD	1.9200	0.0000	0.0000	0.0000	0.0000	0.0286	0.0000	0.2715	0.2715	0.0000	0.0000	0.0000	0.0000	0.2715	NaN	2	6.0000
DB00290	Bleomycin	DOID:2998	testicular cancer	TREATS_CtD	1.9200	0.0000	0.0000	0.0000	0.0000	0.1342	0.0000	0.0714	0.0714	0.0432	0.0000	0.0000	0.0000	0.1769	NaN	4	29.0000
DB00484	Brimonidine	DOID:1686	glaucoma	TREATS_CtD	2.0000	NA	NA	NA	NA	NA	NA	NA	NA	NA	NA	NA	NA	NA	query drug and disease not connected by genes in hetionet	0	NA
DB01200	Bromocriptine	DOID:9352	type 2 diabetes mellitus	TREATS_CtD	5.0000	NA	NA	NA	NA	NA	NA	NA	NA	NA	NA	NA	NA	NA	query drug and disease not connected by genes in hetionet	0	NA
DB00887	Bumetanide	DOID:10763	hypertension	TREATS_CtD	1.2500	0.0000	0.8489	0.0000	0.0000	0.9533	0.0467	0.0467	0.0000	0.0000	0.0000	0.8956	0.0000	0.0000	NaN	3	36.0000
DB01156	Bupropion	DOID:9970	obesity	TREATS_CtD	24.0000	0.0000	1.0000	0.0000	0.0000	0.0000	0.0000	0.0000	0.0000	0.0000	0.0000	0.0000	0.0000	0.0000	NaN	1	1.0000
DB00136	Calcitriol	DOID:11476	osteoporosis	TREATS_CtD	6.5000	0.0000	0.0000	0.0000	0.0000	1.0000	0.0000	1.0000	0.0000	1.0000	0.0000	0.0000	0.0000	0.0000	NaN	3	2.0000
DB00136	Calcitriol	DOID:8893	psoriasis	TREATS_CtD	6.5000	NA	NA	NA	NA	NA	NA	NA	NA	NA	NA	NA	NA	NA	query drug and disease connected by genes not in CircaDB	3	0.0000
DB00796	Candesartan	DOID:10763	hypertension	TREATS_CtD	9.0000	0.0000	0.0000	0.0000	0.0000	0.0000	0.0000	0.0000	0.0000	1.0000	0.0000	0.0000	0.0000	0.0000	NaN	2	4.0000
DB01197	Captopril	DOID:3393	coronary artery disease	TREATS_CtD	2.0000	0.0161	0.0888	0.0399	0.0324	0.0994	0.0224	0.0944	0.0899	0.0755	0.0219	0.0795	0.0337	0.2824	NaN	6	390.0000
DB01197	Captopril	DOID:10763	hypertension	TREATS_CtD	2.0000	0.0000	0.0182	0.0443	0.0225	0.0366	0.0320	0.0677	0.0620	0.0498	0.0014	0.0607	0.0237	0.1087	NaN	6	107.0000
DB01197	Captopril	DOID:418	systemic scleroderma	TREATS_CtD	2.0000	0.0000	0.0000	0.0000	0.0000	0.0000	0.0000	0.0000	0.0000	0.0000	0.0000	0.0000	0.0000	0.0716	NaN	2	17.0000
DB00262	Carmustine	DOID:1319	brain cancer	TREATS_CtD	0.3800	0.0337	0.1774	0.0930	0.2406	0.1477	0.0226	0.4197	0.2660	0.0163	0.0978	0.0806	0.0853	0.0062	NaN	1	53.0000
DB00262	Carmustine	DOID:0060073	lymphatic system cancer	TREATS_CtD	0.3800	NA	NA	NA	NA	NA	NA	NA	NA	NA	NA	NA	NA	NA	query drug and disease not connected by genes in hetionet	0	NA
DB00262	Carmustine	DOID:3070	malignant glioma	TREATS_CtD	0.3800	0.0114	0.1803	0.0694	0.1958	0.1332	0.0335	0.3455	0.2703	0.0814	0.0809	0.0695	0.0466	0.0039	NaN	1	93.0000
DB00262	Carmustine	DOID:1909	melanoma	TREATS_CtD	0.3800	NA	NA	NA	NA	NA	NA	NA	NA	NA	NA	NA	NA	NA	query drug and disease not connected by genes in hetionet	0	NA
DB01136	Carvedilol	DOID:10763	hypertension	TREATS_CtD	8.5000	0.0000	0.0804	0.0176	0.2085	0.6259	0.0000	0.1719	0.0260	0.1976	0.0013	0.4316	0.0000	0.0053	NaN	5	175.0000
DB00341	Cetirizine	DOID:4481	allergic rhinitis	TREATS_CtD	8.3000	NA	NA	NA	NA	NA	NA	NA	NA	NA	NA	NA	NA	NA	query drug and disease connected by genes not in CircaDB	1	0.0000
DB00291	Chlorambucil	DOID:1612	breast cancer	TREATS_CtD	1.5000	0.0107	0.0132	0.0188	0.0054	0.0136	0.0000	0.0711	0.0339	0.0305	0.0118	0.0213	0.0070	0.0000	NaN	4	115.0000
DB00291	Chlorambucil	DOID:2394	ovarian cancer	TREATS_CtD	1.5000	NA	NA	NA	NA	NA	NA	NA	NA	NA	NA	NA	NA	NA	query drug and disease not connected by genes in hetionet	0	NA
DB00291	Chlorambucil	DOID:2998	testicular cancer	TREATS_CtD	1.5000	NA	NA	NA	NA	NA	NA	NA	NA	NA	NA	NA	NA	NA	query drug and disease not connected by genes in hetionet	0	NA
DB00880	Chlorothiazide	DOID:10763	hypertension	TREATS_CtD	1.3800	0.0000	0.0000	0.0000	0.7087	0.2913	0.0000	0.0000	0.0000	0.0000	0.0000	0.7087	0.0000	0.0000	NaN	5	4.0000
DB00501	Cimetidine	DOID:9970	obesity	TREATS_CtD	2.0000	NA	NA	NA	NA	NA	NA	NA	NA	NA	NA	NA	NA	NA	query drug and disease not connected by genes in hetionet	0	NA
DB00515	Cisplatin	DOID:184	bone cancer	TREATS_CtD	0.5000	0.0000	0.5561	0.0000	0.3707	0.0000	0.0000	0.3707	0.5097	0.0000	0.0000	0.1854	0.0000	0.0000	NaN	1	8.0000
DB00515	Cisplatin	DOID:5041	esophageal cancer	TREATS_CtD	0.5000	0.0000	0.5760	0.0000	0.3840	0.0000	0.0000	0.3840	0.5280	0.0000	0.0000	0.1920	0.0000	0.0000	NaN	1	7.0000
DB00515	Cisplatin	DOID:2994	germ cell cancer	TREATS_CtD	0.5000	0.0000	0.0549	0.0797	0.0000	0.0797	0.0549	0.2636	0.2636	0.1652	0.0000	0.0515	0.0000	0.0000	NaN	1	26.0000
DB00515	Cisplatin	DOID:1324	lung cancer	TREATS_CtD	0.5000	NA	NA	NA	NA	NA	NA	NA	NA	NA	NA	NA	NA	NA	query drug and disease not connected by genes in hetionet	0	NA
DB00515	Cisplatin	DOID:1192	peripheral nervous system neoplasm	TREATS_CtD	0.5000	NA	NA	NA	NA	NA	NA	NA	NA	NA	NA	NA	NA	NA	query drug and disease not connected by genes in hetionet	0	NA
DB00515	Cisplatin	DOID:2998	testicular cancer	TREATS_CtD	0.5000	0.0000	0.2541	0.0000	0.1694	0.0000	0.0000	0.2728	0.3504	0.0584	0.0000	0.0847	0.0000	0.0124	NaN	2	20.0000
DB00515	Cisplatin	DOID:11054	urinary bladder cancer	TREATS_CtD	0.5000	0.0158	0.5973	0.0225	0.3675	0.0193	0.0041	0.5664	0.5868	0.0268	0.0184	0.2475	0.0055	0.0106	NaN	3	103.0000
DB00242	Cladribine	DOID:2377	multiple sclerosis	TREATS_CtD	5.4000	0.0000	0.0000	0.0000	0.0000	0.0000	0.0000	0.0000	0.0000	0.0000	0.0000	0.0000	0.0000	0.0000	NaN	1	1.0000
DB01190	Clindamycin	DOID:12365	malaria	TREATS_CtD	2.4000	NA	NA	NA	NA	NA	NA	NA	NA	NA	NA	NA	NA	NA	query drug and disease not connected by genes in hetionet	0	NA
DB00575	Clonidine	DOID:1686	glaucoma	TREATS_CtD	13.0000	0.0000	0.0000	0.0000	0.1820	0.3681	0.0000	0.4727	0.2907	0.0000	0.0000	0.3681	0.0000	0.0000	NaN	2	12.0000
DB00575	Clonidine	DOID:10763	hypertension	TREATS_CtD	13.0000	0.0034	0.2126	0.0000	0.0551	0.4155	0.0000	0.4129	0.2226	0.0000	0.0000	0.4155	0.0000	0.0000	NaN	7	29.0000
DB00758	Clopidogrel	DOID:3393	coronary artery disease	TREATS_CtD	8.0000	0.0962	0.2091	0.0799	0.1092	0.1623	0.0520	0.3336	0.2352	0.0811	0.1239	0.1218	0.0609	0.0767	NaN	4	1870.0000
DB01394	Colchicine	DOID:13189	gout	TREATS_CtD	1.0000	NA	NA	NA	NA	NA	NA	NA	NA	NA	NA	NA	NA	NA	query drug and disease not connected by genes in hetionet	0	NA
DB01394	Colchicine	DOID:12236	primary biliary cirrhosis	TREATS_CtD	1.0000	0.0000	0.0923	0.7677	0.0000	0.0000	0.0000	0.0000	0.0000	0.0000	0.0000	0.0000	0.0000	0.0000	NaN	2	4.0000
DB00286	Conjugated Estrogens	DOID:11476	osteoporosis	TREATS_CtD	7.4000	0.0000	0.6107	0.0000	0.0000	0.0000	0.0000	0.1451	0.8549	0.0000	0.0000	0.1451	0.0000	0.0000	NaN	3	4.0000
DB00286	Conjugated Estrogens	DOID:10283	prostate cancer	TREATS_CtD	7.4000	0.0000	0.9516	0.0061	0.0000	0.0000	0.0000	0.0000	0.9654	0.0121	0.0000	0.0061	0.0000	0.0000	NaN	4	19.0000
DB01003	Cromoglicic acid	DOID:2841	asthma	TREATS_CtD	1.3000	1.0000	1.0000	0.0000	0.0000	0.0000	0.0000	1.0000	1.0000	0.0000	0.0000	0.0000	0.0000	0.0000	NaN	1	1.0000
DB00987	Cytarabine	DOID:0060073	lymphatic system cancer	TREATS_CtD	0.1700	0.0000	0.7783	0.0000	0.0000	0.0357	0.0000	0.0148	0.1501	0.0000	0.0000	0.0357	0.0000	0.0000	NaN	3	8.0000
DB00851	Dacarbazine	DOID:1909	melanoma	TREATS_CtD	5.0000	NA	NA	NA	NA	NA	NA	NA	NA	NA	NA	NA	NA	NA	query drug and disease not connected by genes in hetionet	0	NA
DB00851	Dacarbazine	DOID:4045	muscle cancer	TREATS_CtD	5.0000	0.0000	0.1251	0.2089	0.0000	0.1550	0.0000	0.2161	0.0920	0.0476	0.0000	0.1473	0.0000	0.1531	NaN	1	34.0000
DB00851	Dacarbazine	DOID:1793	pancreatic cancer	TREATS_CtD	5.0000	NA	NA	NA	NA	NA	NA	NA	NA	NA	NA	NA	NA	NA	query drug and disease not connected by genes in hetionet	0	NA
DB00851	Dacarbazine	DOID:1192	peripheral nervous system neoplasm	TREATS_CtD	5.0000	0.0363	0.0785	0.0903	0.0000	0.0564	0.0055	0.0828	0.0225	0.0289	0.0000	0.0711	0.0000	0.0000	NaN	2	55.0000
DB00851	Dacarbazine	DOID:1115	sarcoma	TREATS_CtD	5.0000	0.0385	0.1269	0.1895	0.0098	0.1501	0.0000	0.0845	0.1008	0.0597	0.0516	0.0675	0.0000	0.0247	NaN	1	79.0000
DB00851	Dacarbazine	DOID:4159	skin cancer	TREATS_CtD	5.0000	0.1098	0.1745	0.0264	0.0584	0.0176	0.0000	0.3409	0.0408	0.0176	0.0839	0.1193	0.0000	0.2223	NaN	1	43.0000
DB00705	Delavirdine	DOID:635	acquired immunodeficiency syndrome	TREATS_CtD	5.8000	NA	NA	NA	NA	NA	NA	NA	NA	NA	NA	NA	NA	NA	query drug and disease not connected by genes in hetionet	0	NA
DB00343	Diltiazem	DOID:10763	hypertension	TREATS_CtD	3.7500	0.0000	0.0000	0.0000	0.0000	1.0000	0.0000	0.0000	0.0000	0.0000	0.0000	1.0000	0.0000	0.0000	NaN	2	1.0000
DB00985	Dimenhydrinate	DOID:4481	allergic rhinitis	TREATS_CtD	2.5000	0.0000	0.0000	0.0000	0.0000	0.0000	0.0000	0.0000	0.0000	0.0000	0.0000	0.0000	0.0000	0.0000	NaN	1	2.0000
DB00985	Dimenhydrinate	DOID:3310	atopic dermatitis	TREATS_CtD	2.5000	0.0000	0.0000	0.0000	0.0000	0.0000	0.0000	0.0000	0.0000	0.0000	0.0000	0.0000	0.0000	0.0000	NaN	2	2.0000
DB01075	Diphenhydramine	DOID:4481	allergic rhinitis	TREATS_CtD	2.5000	0.0000	0.0000	0.0000	0.0000	0.0000	0.0000	0.0000	0.0000	0.0000	0.0000	0.0000	0.0000	0.0000	NaN	1	2.0000
DB01075	Diphenhydramine	DOID:3310	atopic dermatitis	TREATS_CtD	2.5000	0.0000	0.0000	0.0000	0.0000	0.0000	0.0000	0.0000	0.0000	0.0000	0.0000	0.0000	0.0000	0.0000	NaN	1	2.0000
DB00590	Doxazosin	DOID:10763	hypertension	TREATS_CtD	22.0000	NA	NA	NA	NA	NA	NA	NA	NA	NA	NA	NA	NA	NA	query drug and disease connected by genes not in CircaDB	1	0.0000
DB00254	Doxycycline	DOID:12365	malaria	TREATS_CtD	20.0000	NA	NA	NA	NA	NA	NA	NA	NA	NA	NA	NA	NA	NA	query drug and disease connected by genes not in CircaDB	1	0.0000
DB00651	Dyphylline	DOID:2841	asthma	TREATS_CtD	2.0000	0.0000	0.2104	0.0000	0.2758	0.5709	0.0000	0.0000	0.2758	0.0000	0.0000	0.0000	0.0000	0.2104	NaN	2	12.0000
DB00700	Eplerenone	DOID:3393	coronary artery disease	TREATS_CtD	5.0000	1.0000	1.0000	1.0000	0.0000	1.0000	0.0000	1.0000	1.0000	0.0000	1.0000	1.0000	0.0000	0.0000	NaN	1	1.0000
DB00700	Eplerenone	DOID:10763	hypertension	TREATS_CtD	5.0000	1.0000	1.0000	1.0000	0.0000	1.0000	0.0000	1.0000	1.0000	0.0010	1.0000	1.0000	0.0000	0.0010	NaN	3	21.0000
DB00876	Eprosartan	DOID:10763	hypertension	TREATS_CtD	7.0000	NA	NA	NA	NA	NA	NA	NA	NA	NA	NA	NA	NA	NA	query drug and disease connected by genes not in CircaDB	1	0.0000
DB00736	Esomeprazole	DOID:9206	Barrett's esophagus	TREATS_CtD	1.2500	0.0096	0.3614	0.0000	0.0000	0.0025	0.0000	0.3543	0.3517	0.0071	0.0000	0.0000	0.0000	0.3517	NaN	7	11.0000
DB01196	Estramustine	DOID:10283	prostate cancer	TREATS_CtD	20.0000	0.0000	0.0000	1.0000	0.0000	0.0000	0.0000	0.0000	0.0000	0.0000	0.0000	1.0000	0.0000	0.0000	NaN	1	1.0000
DB00655	Estrone	DOID:10283	prostate cancer	TREATS_CtD	19.0000	0.0000	0.0130	0.0010	0.0000	0.0000	0.7226	0.0000	0.1829	0.0000	0.0000	0.7235	0.0000	0.7226	NaN	3	17.0000
DB01077	Etidronic acid	DOID:5408	Paget's disease of bone	TREATS_CtD	3.5000	0.0000	0.0000	0.0000	0.0000	0.0000	0.0000	0.0000	0.0000	0.0000	0.0000	0.0000	0.0000	0.0000	NaN	1	3.0000
DB01077	Etidronic acid	DOID:11476	osteoporosis	TREATS_CtD	3.5000	0.0000	0.0000	0.0000	0.0000	0.0000	0.0000	0.0000	0.0000	0.0000	0.0000	0.0000	0.0000	0.0000	NaN	2	7.0000
DB00773	Etoposide	DOID:1319	brain cancer	TREATS_CtD	7.5000	0.1930	0.2094	0.0000	0.0000	0.3052	0.0367	0.2489	0.3611	0.3244	0.0000	0.3244	0.0000	0.0000	NaN	1	11.0000
DB00773	Etoposide	DOID:2994	germ cell cancer	TREATS_CtD	7.5000	0.0000	0.0591	0.0598	0.0000	0.0598	0.0591	0.2225	0.2225	0.1486	0.0000	0.0633	0.0000	0.0000	NaN	2	38.0000
DB00773	Etoposide	DOID:1324	lung cancer	TREATS_CtD	7.5000	0.0000	0.1633	0.0000	0.0000	0.0000	0.0000	0.1633	0.5959	0.0000	0.0000	0.0000	0.4325	0.0000	NaN	1	4.0000
DB00773	Etoposide	DOID:4045	muscle cancer	TREATS_CtD	7.5000	0.0118	0.1523	0.2176	0.0000	0.1281	0.0000	0.2456	0.0760	0.1048	0.0000	0.2085	0.1190	0.0000	NaN	1	45.0000
DB00773	Etoposide	DOID:1192	peripheral nervous system neoplasm	TREATS_CtD	7.5000	0.0630	0.1639	0.1308	0.0000	0.1483	0.0382	0.2248	0.1743	0.0839	0.0500	0.1132	0.0000	0.0073	NaN	2	83.0000
DB00773	Etoposide	DOID:10283	prostate cancer	TREATS_CtD	7.5000	0.2276	0.2349	0.0627	0.0190	0.1673	0.0178	0.0449	0.2798	0.0386	0.0253	0.0248	0.0111	0.0347	NaN	6	50.0000
DB00773	Etoposide	DOID:1115	sarcoma	TREATS_CtD	7.5000	0.0283	0.1140	0.1416	0.0187	0.1403	0.0000	0.0648	0.0757	0.0787	0.0530	0.0555	0.0138	0.0785	NaN	3	119.0000
DB00773	Etoposide	DOID:2998	testicular cancer	TREATS_CtD	7.5000	0.0000	0.0000	0.0000	0.0000	0.0000	0.0000	0.0737	0.1008	0.0404	0.0000	0.0000	0.0000	0.0082	NaN	5	28.0000
DB00773	Etoposide	DOID:11054	urinary bladder cancer	TREATS_CtD	7.5000	0.0395	0.0928	0.0513	0.0128	0.0810	0.0318	0.1806	0.1121	0.0679	0.0311	0.0866	0.0309	0.0209	NaN	7	277.0000
DB00773	Etoposide	DOID:363	uterine cancer	TREATS_CtD	7.5000	0.0139	0.0146	0.0030	0.0022	0.0604	0.0388	0.1669	0.1056	0.0404	0.0139	0.0502	0.0452	0.0103	NaN	3	106.0000
DB00990	Exemestane	DOID:1612	breast cancer	TREATS_CtD	24.0000	0.0047	0.1217	0.0990	0.0989	0.0413	0.0095	0.2474	0.1785	0.0712	0.0330	0.2458	0.0000	0.0539	NaN	2	240.0000
DB00973	Ezetimibe	DOID:1936	atherosclerosis	TREATS_CtD	22.0000	0.0000	0.0016	0.0000	0.0000	0.0000	0.0000	0.5578	0.0000	0.0000	0.0000	0.0000	0.0000	0.0000	NaN	2	4.0000
DB00973	Ezetimibe	DOID:3393	coronary artery disease	TREATS_CtD	22.0000	0.0000	0.0811	0.0000	0.0279	0.0371	0.0000	0.5402	0.1582	0.0414	0.0000	0.0427	0.0220	0.0000	NaN	3	41.0000
DB00949	Felbamate	DOID:1826	epilepsy syndrome	TREATS_CtD	21.5000	NA	NA	NA	NA	NA	NA	NA	NA	NA	NA	NA	NA	NA	query drug and disease connected by genes not in CircaDB	1	0.0000
DB01039	Fenofibrate	DOID:3393	coronary artery disease	TREATS_CtD	20.0000	0.0000	0.0000	0.0000	0.0000	0.0000	0.0000	0.0000	0.0000	0.0000	0.0000	0.0000	0.0000	0.0000	NaN	1	1.0000
DB00800	Fenoldopam	DOID:10763	hypertension	TREATS_CtD	0.0800	0.0000	0.0000	0.0000	0.0000	1.0000	0.0000	1.0000	1.0000	0.0000	0.0000	1.0000	0.0000	0.0000	NaN	3	2.0000
DB01073	Fludarabine	DOID:0060073	lymphatic system cancer	TREATS_CtD	20.0000	0.0000	0.0000	0.0000	0.0000	0.0000	0.0000	0.0000	0.5339	0.0000	0.0000	0.0000	0.0000	0.0000	NaN	1	3.0000
DB00180	Flunisolide	DOID:4481	allergic rhinitis	TREATS_CtD	1.8000	0.0778	0.3771	0.0000	0.0000	0.2722	0.0000	0.2994	0.1050	0.4536	0.0000	0.0000	0.0000	0.0000	NaN	1	10.0000
DB00180	Flunisolide	DOID:2841	asthma	TREATS_CtD	1.8000	0.0685	0.3710	0.1073	0.0501	0.3545	0.0063	0.3812	0.3067	0.2339	0.0385	0.2060	0.0506	0.1642	NaN	4	289.0000
DB00591	Fluocinolone Acetonide	DOID:3310	atopic dermatitis	TREATS_CtD	1.5000	0.0000	1.0000	0.0000	0.0000	1.0000	0.0000	1.0000	1.0000	1.0000	0.0000	1.0000	0.0000	1.0000	NaN	1	10.0000
DB00591	Fluocinolone Acetonide	DOID:8893	psoriasis	TREATS_CtD	1.5000	0.0991	0.5731	0.0523	0.1144	0.5765	0.0000	0.6242	0.6363	0.4558	0.0308	0.5597	0.0925	0.4714	NaN	2	100.0000
DB00544	Fluorouracil	DOID:1612	breast cancer	TREATS_CtD	0.2500	0.0864	0.1497	0.0605	0.0296	0.1144	0.0106	0.3027	0.1963	0.0856	0.0082	0.1114	0.0281	0.0393	NaN	2	184.0000
DB00544	Fluorouracil	DOID:219	colon cancer	TREATS_CtD	0.2500	0.2811	0.3273	0.3393	0.0435	0.0630	0.0000	0.3748	0.3009	0.2822	0.1133	0.3034	0.2277	0.0180	NaN	4	153.0000
DB00544	Fluorouracil	DOID:11934	head and neck cancer	TREATS_CtD	0.2500	0.0471	0.1651	0.0863	0.0026	0.0786	0.0000	0.1479	0.1203	0.0000	0.0000	0.0352	0.0000	0.0274	NaN	2	78.0000
DB00544	Fluorouracil	DOID:1793	pancreatic cancer	TREATS_CtD	0.2500	0.0190	0.1067	0.0700	0.0019	0.0781	0.0000	0.0673	0.2775	0.0571	0.0000	0.0448	0.0044	0.0220	NaN	2	118.0000
DB00544	Fluorouracil	DOID:4159	skin cancer	TREATS_CtD	0.2500	0.2137	0.1964	0.0278	0.0435	0.1219	0.0000	0.4242	0.2347	0.0435	0.0000	0.0683	0.0000	0.0000	NaN	1	43.0000
DB00544	Fluorouracil	DOID:10534	stomach cancer	TREATS_CtD	0.2500	0.0253	0.0747	0.0321	0.0147	0.0632	0.0078	0.1676	0.1093	0.0452	0.0294	0.0658	0.0054	0.0114	NaN	4	258.0000
DB00544	Fluorouracil	DOID:11054	urinary bladder cancer	TREATS_CtD	0.2500	0.0554	0.1472	0.1166	0.0057	0.0448	0.0061	0.3007	0.1845	0.1020	0.0000	0.1838	0.0611	0.0339	NaN	3	99.0000
DB01185	Fluoxymesterone	DOID:1612	breast cancer	TREATS_CtD	9.2000	0.0000	0.2609	0.0000	0.0000	0.2609	0.0000	0.2609	1.0000	0.2609	0.0000	0.2609	0.0000	0.2609	NaN	3	17.0000
DB00499	Flutamide	DOID:10283	prostate cancer	TREATS_CtD	6.0000	0.0000	0.0000	0.0000	0.0000	0.0000	0.0000	0.0000	0.1739	0.0000	0.0000	0.0000	0.0000	0.0000	NaN	2	4.0000
DB00588	Fluticasone Propionate	DOID:2841	asthma	TREATS_CtD	7.8000	0.1259	0.3764	0.1392	0.0537	0.3560	0.0000	0.3506	0.3102	0.1547	0.1048	0.1373	0.0691	0.1235	NaN	4	340.0000
DB00983	Formoterol	DOID:2841	asthma	TREATS_CtD	10.0000	0.0000	0.0000	0.0000	0.0000	0.0000	0.0000	0.7313	0.0000	0.0000	0.0000	0.0000	0.0000	0.0000	NaN	3	2.0000
DB00983	Formoterol	DOID:3083	chronic obstructive pulmonary disease	TREATS_CtD	10.0000	0.0000	0.0000	0.0000	0.0000	0.0000	0.0217	0.7406	0.0217	0.0000	0.0000	0.0000	0.0000	0.0000	NaN	3	6.0000
DB00492	Fosinopril	DOID:10763	hypertension	TREATS_CtD	12.0000	NA	NA	NA	NA	NA	NA	NA	NA	NA	NA	NA	NA	NA	query drug and disease connected by genes not in CircaDB	2	0.0000
DB01320	Fosphenytoin	DOID:1826	epilepsy syndrome	TREATS_CtD	0.2500	NA	NA	NA	NA	NA	NA	NA	NA	NA	NA	NA	NA	NA	query drug and disease connected by genes not in CircaDB	1	0.0000
DB00695	Furosemide	DOID:3393	coronary artery disease	TREATS_CtD	2.0000	0.1364	0.2829	0.1409	0.0340	0.3013	0.0198	0.3604	0.1784	0.0777	0.1444	0.2658	0.0065	0.0156	NaN	1	88.0000
DB00695	Furosemide	DOID:12930	dilated cardiomyopathy	TREATS_CtD	2.0000	NA	NA	NA	NA	NA	NA	NA	NA	NA	NA	NA	NA	NA	query drug and disease not connected by genes in hetionet	0	NA
DB00695	Furosemide	DOID:10763	hypertension	TREATS_CtD	2.0000	0.0595	0.8459	0.0109	0.0039	0.8434	0.0112	0.0226	0.0152	0.0223	0.0113	0.8436	0.0007	0.0018	NaN	3	140.0000
DB00996	Gabapentin	DOID:1826	epilepsy syndrome	TREATS_CtD	6.0000	NA	NA	NA	NA	NA	NA	NA	NA	NA	NA	NA	NA	NA	query drug and disease connected by genes not in CircaDB	2	0.0000
DB00996	Gabapentin	DOID:6364	migraine	TREATS_CtD	6.0000	NA	NA	NA	NA	NA	NA	NA	NA	NA	NA	NA	NA	NA	query drug and disease connected by genes not in CircaDB	1	0.0000
DB00674	Galantamine	DOID:10652	Alzheimer's disease	TREATS_CtD	7.0000	NA	NA	NA	NA	NA	NA	NA	NA	NA	NA	NA	NA	NA	query drug and disease connected by genes not in CircaDB	1	0.0000
DB01241	Gemfibrozil	DOID:3393	coronary artery disease	TREATS_CtD	1.5000	0.0000	0.0000	0.0000	0.0000	0.0000	0.0000	0.0000	0.0000	0.0000	0.0000	0.0000	0.0000	0.0000	NaN	1	1.0000
DB01120	Gliclazide	DOID:9352	type 2 diabetes mellitus	TREATS_CtD	10.4000	0.0000	0.8321	0.0000	0.0000	0.1618	0.0000	0.0000	0.0000	0.0000	0.1618	0.0000	0.0000	0.0000	NaN	5	5.0000
DB00222	Glimepiride	DOID:9352	type 2 diabetes mellitus	TREATS_CtD	5.0000	0.0000	0.3991	0.0000	0.0000	0.0000	0.0000	0.0000	0.0000	0.0000	0.0000	0.0000	0.0000	0.0000	NaN	3	2.0000
DB01067	Glipizide	DOID:9352	type 2 diabetes mellitus	TREATS_CtD	3.5000	0.0391	0.1679	0.0182	0.0212	0.2076	0.0000	0.1553	0.1972	0.0536	0.0412	0.1681	0.0045	0.0454	NaN	4	327.0000
DB01016	Glyburide	DOID:11714	gestational diabetes	TREATS_CtD	1.6000	NA	NA	NA	NA	NA	NA	NA	NA	NA	NA	NA	NA	NA	query drug and disease not connected by genes in hetionet	0	NA
DB01016	Glyburide	DOID:9352	type 2 diabetes mellitus	TREATS_CtD	1.6000	0.0229	0.3337	0.1210	0.0913	0.1830	0.0635	0.3412	0.2257	0.0781	0.1007	0.1598	0.0207	0.0142	NaN	6	279.0000
DB00014	Goserelin	DOID:1612	breast cancer	TREATS_CtD	4.5000	NA	NA	NA	NA	NA	NA	NA	NA	NA	NA	NA	NA	NA	query drug and disease connected by genes not in CircaDB	2	0.0000
DB00014	Goserelin	DOID:10283	prostate cancer	TREATS_CtD	4.5000	NA	NA	NA	NA	NA	NA	NA	NA	NA	NA	NA	NA	NA	query drug and disease connected by genes not in CircaDB	1	0.0000
DB00629	Guanabenz	DOID:10763	hypertension	TREATS_CtD	6.0000	0.0000	1.0000	0.0000	0.0000	0.0000	0.0000	1.0000	0.0000	0.0000	0.0000	0.0000	0.0000	0.0000	NaN	3	3.0000
DB00226	Guanadrel	DOID:10763	hypertension	TREATS_CtD	10.0000	NA	NA	NA	NA	NA	NA	NA	NA	NA	NA	NA	NA	NA	query drug and disease connected by genes not in CircaDB	1	0.0000
DB01018	Guanfacine	DOID:10763	hypertension	TREATS_CtD	17.0000	0.0000	0.9926	0.0000	0.0000	0.0000	0.0000	0.9926	0.0000	0.0011	0.0000	0.0000	0.0000	0.0000	NaN	3	6.0000
DB01275	Hydralazine	DOID:10763	hypertension	TREATS_CtD	5.0000	0.0000	0.0000	0.3517	0.0000	0.3517	0.0000	0.0000	0.0000	0.0000	0.0000	0.0000	0.0000	0.0000	NaN	2	37.0000
DB00999	Hydrochlorothiazide	DOID:10763	hypertension	TREATS_CtD	10.2000	0.0000	0.9137	0.0000	0.0404	0.9596	0.0000	0.0000	0.0000	0.0000	0.0000	0.9541	0.0000	0.0000	NaN	5	17.0000
DB00999	Hydrochlorothiazide	DOID:585	nephrolithiasis	TREATS_CtD	10.2000	0.0000	0.0000	0.0000	0.0000	0.0000	0.0000	0.0000	0.0000	0.0000	0.0000	0.0000	0.0000	0.0000	NaN	2	1.0000
DB00741	Hydrocortisone	DOID:4481	allergic rhinitis	TREATS_CtD	7.0000	0.0286	0.2989	0.0000	0.0000	0.1029	0.0000	0.1693	0.0978	0.1668	0.0000	0.0000	0.0000	0.0000	NaN	2	57.0000
DB00741	Hydrocortisone	DOID:2841	asthma	TREATS_CtD	7.0000	0.0221	0.2748	0.0459	0.0476	0.2409	0.0000	0.3027	0.2360	0.0975	0.0120	0.0442	0.0279	0.0471	NaN	3	214.0000
DB00741	Hydrocortisone	DOID:3310	atopic dermatitis	TREATS_CtD	7.0000	0.0025	0.1444	0.0085	0.0684	0.1917	0.0000	0.2224	0.4596	0.0787	0.0393	0.0684	0.1673	0.0406	NaN	4	120.0000
DB00741	Hydrocortisone	DOID:13189	gout	TREATS_CtD	7.0000	0.0000	0.0000	0.0000	0.0000	0.0000	0.0000	0.0000	1.0000	1.0000	0.0000	0.0000	0.0000	0.0000	NaN	2	1.0000
DB00741	Hydrocortisone	DOID:8893	psoriasis	TREATS_CtD	7.0000	0.0254	0.3187	0.0340	0.0512	0.2989	0.0000	0.2971	0.3509	0.0341	0.0137	0.0553	0.0241	0.0163	NaN	4	162.0000
DB00741	Hydrocortisone	DOID:7148	rheumatoid arthritis	TREATS_CtD	7.0000	0.0000	0.3166	0.0000	0.0588	0.2205	0.0144	0.1481	0.2934	0.0287	0.0000	0.0705	0.0000	0.0354	NaN	1	95.0000
DB00741	Hydrocortisone	DOID:9074	systemic lupus erythematosus	TREATS_CtD	7.0000	0.0231	0.1707	0.0000	0.0384	0.1139	0.0160	0.2088	0.3019	0.0213	0.0000	0.0511	0.0000	0.0407	NaN	1	67.0000
DB00741	Hydrocortisone	DOID:8577	ulcerative colitis	TREATS_CtD	7.0000	0.0000	0.1797	0.0000	0.0000	0.2497	0.0000	0.1797	0.1797	0.0000	0.0000	0.0000	0.0000	0.0000	NaN	1	31.0000
DB01005	Hydroxyurea	DOID:1319	brain cancer	TREATS_CtD	3.5000	NA	NA	NA	NA	NA	NA	NA	NA	NA	NA	NA	NA	NA	query drug and disease not connected by genes in hetionet	0	NA
DB01005	Hydroxyurea	DOID:11934	head and neck cancer	TREATS_CtD	3.5000	NA	NA	NA	NA	NA	NA	NA	NA	NA	NA	NA	NA	NA	query drug and disease not connected by genes in hetionet	0	NA
DB01005	Hydroxyurea	DOID:8893	psoriasis	TREATS_CtD	3.5000	NA	NA	NA	NA	NA	NA	NA	NA	NA	NA	NA	NA	NA	query drug and disease connected by genes not in CircaDB	1	0.0000
DB00424	Hyoscyamine	DOID:4989	pancreatitis	TREATS_CtD	2.7500	NA	NA	NA	NA	NA	NA	NA	NA	NA	NA	NA	NA	NA	query drug and disease connected by genes not in CircaDB	1	0.0000
DB01177	Idarubicin	DOID:1612	breast cancer	TREATS_CtD	22.0000	0.0443	0.1954	0.0373	0.0673	0.1267	0.0164	0.2280	0.1348	0.1040	0.0430	0.0870	0.0240	0.0484	NaN	8	1427.0000
DB00724	Imiquimod	DOID:4159	skin cancer	TREATS_CtD	20.0000	NA	NA	NA	NA	NA	NA	NA	NA	NA	NA	NA	NA	NA	query drug and disease connected by genes not in CircaDB	1	0.0000
DB00808	Indapamide	DOID:10763	hypertension	TREATS_CtD	14.0000	0.0000	1.0000	0.0000	0.0000	1.0000	0.0000	0.0000	0.0000	0.0000	0.0000	1.0000	0.0000	0.0000	NaN	3	14.0000
DB00224	Indinavir	DOID:635	acquired immunodeficiency syndrome	TREATS_CtD	1.8000	0.0000	0.0000	0.0000	0.0000	0.0000	0.0000	0.0000	0.0000	0.0000	0.0000	0.0000	0.0000	0.0000	NaN	1	4.0000
DB00328	Indomethacin	DOID:13189	gout	TREATS_CtD	4.5000	0.0000	0.0000	0.0000	0.0000	0.0000	0.0000	0.0000	0.0000	0.0649	0.0000	0.0000	0.0000	0.0000	NaN	2	4.0000
DB00332	Ipratropium bromide	DOID:2841	asthma	TREATS_CtD	3.0000	NA	NA	NA	NA	NA	NA	NA	NA	NA	NA	NA	NA	NA	query drug and disease not connected by genes in hetionet	0	NA
DB01029	Irbesartan	DOID:10763	hypertension	TREATS_CtD	13.0000	0.0000	0.5027	0.0000	0.0000	0.3694	0.0000	0.5781	0.5781	0.6306	0.0000	0.0754	0.0000	0.0000	NaN	2	7.0000
DB01029	Irbesartan	DOID:9352	type 2 diabetes mellitus	TREATS_CtD	13.0000	NA	NA	NA	NA	NA	NA	NA	NA	NA	NA	NA	NA	NA	query drug and disease not connected by genes in hetionet	0	NA
DB00270	Isradipine	DOID:10763	hypertension	TREATS_CtD	8.0000	0.0000	0.0000	0.0000	0.0000	0.0000	0.0000	0.0000	0.6350	0.0000	0.0000	0.0000	0.0000	0.0000	NaN	1	10.0000
DB00920	Ketotifen	DOID:2841	asthma	TREATS_CtD	21.0000	0.0000	0.2620	0.0000	0.3705	0.7380	0.0000	0.0000	0.3705	0.0000	0.0000	0.0000	0.0000	0.2620	NaN	2	8.0000
DB00598	Labetalol	DOID:10763	hypertension	TREATS_CtD	7.0000	NA	NA	NA	NA	NA	NA	NA	NA	NA	NA	NA	NA	NA	query drug and disease connected by genes not in CircaDB	1	0.0000
DB06218	Lacosamide	DOID:1826	epilepsy syndrome	TREATS_CtD	13.0000	0.0000	0.2579	0.7421	0.0000	1.0000	0.0000	0.0000	0.0000	0.0000	0.0000	1.0000	0.0000	0.0000	NaN	2	5.0000
DB00709	Lamivudine	DOID:635	acquired immunodeficiency syndrome	TREATS_CtD	6.0000	0.1751	0.1751	0.0000	0.0000	0.0000	0.0000	0.0000	0.0000	0.0000	0.3054	0.0000	0.1751	0.0000	NaN	1	9.0000
DB00709	Lamivudine	DOID:2043	hepatitis B	TREATS_CtD	6.0000	0.0000	0.0000	0.5000	0.0000	0.0000	0.0000	0.0000	0.0000	0.0000	1.0000	0.5000	0.0000	0.0000	NaN	1	2.0000
DB00654	Latanoprost	DOID:1686	glaucoma	TREATS_CtD	0.2800	NA	NA	NA	NA	NA	NA	NA	NA	NA	NA	NA	NA	NA	query drug and disease connected by genes not in CircaDB	5	0.0000
DB01202	Levetiracetam	DOID:1826	epilepsy syndrome	TREATS_CtD	7.0000	NA	NA	NA	NA	NA	NA	NA	NA	NA	NA	NA	NA	NA	query drug and disease connected by genes not in CircaDB	3	0.0000
DB01210	Levobunolol	DOID:1686	glaucoma	TREATS_CtD	20.0000	NA	NA	NA	NA	NA	NA	NA	NA	NA	NA	NA	NA	NA	query drug and disease connected by genes not in CircaDB	3	0.0000
DB00722	Lisinopril	DOID:3393	coronary artery disease	TREATS_CtD	12.0000	0.1210	0.2605	0.1249	0.0301	0.2937	0.0175	0.3292	0.1678	0.0785	0.1280	0.2357	0.0058	0.0403	NaN	4	94.0000
DB00722	Lisinopril	DOID:12930	dilated cardiomyopathy	TREATS_CtD	12.0000	NA	NA	NA	NA	NA	NA	NA	NA	NA	NA	NA	NA	NA	query drug and disease connected by genes not in CircaDB	2	0.0000
DB00722	Lisinopril	DOID:10763	hypertension	TREATS_CtD	12.0000	0.0116	0.0270	0.0122	0.0043	0.0361	0.0125	0.0261	0.0178	0.0040	0.0126	0.0236	0.0008	0.0044	NaN	5	98.0000
DB00722	Lisinopril	DOID:418	systemic scleroderma	TREATS_CtD	12.0000	NA	NA	NA	NA	NA	NA	NA	NA	NA	NA	NA	NA	NA	query drug and disease connected by genes not in CircaDB	1	0.0000
DB01206	Lomustine	DOID:1319	brain cancer	TREATS_CtD	1.5700	NA	NA	NA	NA	NA	NA	NA	NA	NA	NA	NA	NA	NA	query drug and disease not connected by genes in hetionet	0	NA
DB00455	Loratadine	DOID:4481	allergic rhinitis	TREATS_CtD	8.4000	0.0554	0.2687	0.0000	0.0000	0.1939	0.0000	0.2133	0.0748	0.3232	0.0000	0.0000	0.0000	0.0000	NaN	1	12.0000
DB00455	Loratadine	DOID:2841	asthma	TREATS_CtD	8.4000	0.0424	0.3014	0.0000	0.0000	0.1485	0.0000	0.4991	0.1741	0.2475	0.0000	0.0000	0.0000	0.0956	NaN	2	17.0000
DB00455	Loratadine	DOID:3310	atopic dermatitis	TREATS_CtD	8.4000	0.0000	0.2044	0.0000	0.0000	0.0000	0.0000	0.2754	0.2498	0.0000	0.0000	0.0000	0.0000	0.2044	NaN	1	8.0000
DB00227	Lovastatin	DOID:1936	atherosclerosis	TREATS_CtD	5.3000	0.0043	0.0694	0.0183	0.0270	0.0674	0.0090	0.1328	0.5620	0.0574	0.0516	0.0918	0.4641	0.0507	NaN	4	175.0000
DB00227	Lovastatin	DOID:3393	coronary artery disease	TREATS_CtD	5.3000	0.0084	0.0757	0.0195	0.1003	0.1254	0.0253	0.1687	0.4590	0.0779	0.0066	0.0329	0.3463	0.0167	NaN	3	126.0000
DB00888	Mechlorethamine	DOID:0060073	lymphatic system cancer	TREATS_CtD	0.2500	NA	NA	NA	NA	NA	NA	NA	NA	NA	NA	NA	NA	NA	query drug and disease not connected by genes in hetionet	0	NA
DB01042	Melphalan	DOID:1612	breast cancer	TREATS_CtD	1.5000	0.0000	0.0000	0.0000	0.0000	0.0000	0.0000	0.0000	0.0000	0.0000	0.0000	0.0000	0.0000	0.0000	NaN	1	4.0000
DB01042	Melphalan	DOID:2394	ovarian cancer	TREATS_CtD	1.5000	NA	NA	NA	NA	NA	NA	NA	NA	NA	NA	NA	NA	NA	query drug and disease not connected by genes in hetionet	0	NA
DB01042	Melphalan	DOID:1192	peripheral nervous system neoplasm	TREATS_CtD	1.5000	0.0000	0.0000	0.0000	0.0000	0.0000	0.0000	1.0000	1.0000	0.0000	0.0000	0.0000	1.0000	0.0000	NaN	1	3.0000
DB00331	Metformin	DOID:14221	metabolic syndrome X	TREATS_CtD	6.2000	0.0000	0.1387	0.0835	0.0000	0.0472	0.0000	0.2148	0.3820	0.0656	0.0000	0.0480	0.0458	0.0390	NaN	2	197.0000
DB00331	Metformin	DOID:11612	polycystic ovary syndrome	TREATS_CtD	6.2000	0.0000	0.0966	0.0250	0.0000	0.0166	0.0000	0.1652	0.2689	0.0104	0.0085	0.0721	0.0082	0.0104	NaN	4	476.0000
DB00331	Metformin	DOID:9352	type 2 diabetes mellitus	TREATS_CtD	6.2000	0.0000	0.0836	0.0293	0.0000	0.0550	0.0000	0.1525	0.2664	0.0499	0.0411	0.0263	0.0312	0.0137	NaN	2	359.0000
DB01577	Methamphetamine	DOID:9970	obesity	TREATS_CtD	4.5000	0.0539	0.0000	0.3423	0.0000	0.3660	0.0000	0.0000	0.0000	0.0000	0.0000	0.0000	0.0000	0.0000	NaN	1	5.0000
DB00703	Methazolamide	DOID:1686	glaucoma	TREATS_CtD	14.0000	0.0000	1.0000	0.0000	0.0000	0.9417	0.0000	0.0000	0.0000	0.0000	0.0000	0.9417	0.0000	0.0000	NaN	4	5.0000
DB00763	Methimazole	DOID:12361	Graves' disease	TREATS_CtD	5.5000	NA	NA	NA	NA	NA	NA	NA	NA	NA	NA	NA	NA	NA	query drug and disease connected by genes not in CircaDB	2	0.0000
DB00553	Methoxsalen	DOID:8893	psoriasis	TREATS_CtD	2.0000	0.0000	0.0000	0.0000	0.0000	0.0000	0.0000	0.0000	0.0000	0.0000	0.0000	0.3690	0.0000	0.0000	NaN	1	2.0000
DB00553	Methoxsalen	DOID:12306	vitiligo	TREATS_CtD	2.0000	NA	NA	NA	NA	NA	NA	NA	NA	NA	NA	NA	NA	NA	query drug and disease not connected by genes in hetionet	0	NA
DB00968	Methyldopa	DOID:10763	hypertension	TREATS_CtD	1.7500	0.0023	0.0457	0.0020	0.0395	0.1772	0.0007	0.5516	0.0463	0.0350	0.1145	0.3394	0.0029	0.0017	NaN	3	369.0000
DB00959	Methylprednisolone	DOID:4481	allergic rhinitis	TREATS_CtD	2.0000	0.0232	0.2477	0.0000	0.0000	0.0813	0.0000	0.1728	0.1147	0.1723	0.0000	0.0000	0.0000	0.0000	NaN	2	33.0000
DB00959	Methylprednisolone	DOID:7147	ankylosing spondylitis	TREATS_CtD	2.0000	0.0000	0.1591	0.0746	0.0000	0.0037	0.0000	0.3199	0.2858	0.1553	0.0000	0.0000	0.0000	0.0000	NaN	3	22.0000
DB00959	Methylprednisolone	DOID:2841	asthma	TREATS_CtD	2.0000	0.0353	0.4120	0.0360	0.0482	0.2191	0.0000	0.4337	0.3616	0.2878	0.0094	0.0614	0.0089	0.0772	NaN	6	202.0000
DB00959	Methylprednisolone	DOID:3310	atopic dermatitis	TREATS_CtD	2.0000	0.0000	0.3462	0.0000	0.0126	0.3432	0.0000	0.4882	0.5020	0.2700	0.0076	0.2332	0.0101	0.2643	NaN	5	54.0000
DB00959	Methylprednisolone	DOID:13189	gout	TREATS_CtD	2.0000	0.0000	0.2759	0.0000	0.0000	0.0079	0.0000	0.2759	0.9864	0.9785	0.0000	0.0000	0.0000	0.0000	NaN	2	6.0000
DB00959	Methylprednisolone	DOID:2377	multiple sclerosis	TREATS_CtD	2.0000	0.0117	0.4135	0.0000	0.0439	0.0814	0.0000	0.3822	0.4194	0.3534	0.0000	0.0059	0.0000	0.0000	NaN	2	78.0000
DB00959	Methylprednisolone	DOID:9008	psoriatic arthritis	TREATS_CtD	2.0000	0.0000	0.2123	0.0000	0.0000	0.0095	0.0000	0.3523	0.5487	0.1395	0.0000	0.0000	0.0000	0.0000	NaN	2	22.0000
DB00959	Methylprednisolone	DOID:7148	rheumatoid arthritis	TREATS_CtD	2.0000	0.0000	0.4310	0.0470	0.0535	0.1768	0.0073	0.2869	0.3421	0.1165	0.0000	0.0356	0.0573	0.0752	NaN	4	132.0000
DB00959	Methylprednisolone	DOID:9074	systemic lupus erythematosus	TREATS_CtD	2.0000	0.0165	0.2470	0.0000	0.0254	0.0861	0.0106	0.3379	0.4333	0.1488	0.0000	0.0337	0.0000	0.0269	NaN	3	107.0000
DB00959	Methylprednisolone	DOID:8577	ulcerative colitis	TREATS_CtD	2.0000	0.0000	0.1603	0.0000	0.0346	0.1537	0.0000	0.3236	0.1568	0.0585	0.0000	0.0342	0.0000	0.0000	NaN	4	68.0000
DB00524	Metolazone	DOID:10763	hypertension	TREATS_CtD	14.0000	0.0000	0.9677	0.0000	0.0000	1.0000	0.0000	0.0000	0.0000	0.0000	0.0000	0.9677	0.0000	0.0000	NaN	4	15.0000
DB00264	Metoprolol	DOID:10763	hypertension	TREATS_CtD	5.0000	NA	NA	NA	NA	NA	NA	NA	NA	NA	NA	NA	NA	NA	query drug and disease connected by genes not in CircaDB	1	0.0000
DB00683	Midazolam	DOID:1826	epilepsy syndrome	TREATS_CtD	3.0000	0.0000	0.6979	0.0000	0.0000	0.0000	0.0000	0.0000	0.0000	0.0000	0.0000	0.0000	0.0000	0.0000	NaN	2	8.0000
DB00491	Miglitol	DOID:9352	type 2 diabetes mellitus	TREATS_CtD	2.0000	0.0000	0.0361	0.0000	0.0000	0.8392	0.0000	0.0000	0.0361	0.0000	0.0000	0.0000	0.0000	0.0000	NaN	2	19.0000
DB00350	Minoxidil	DOID:10763	hypertension	TREATS_CtD	4.2000	0.0000	0.0000	0.0000	0.0000	0.0000	0.0000	0.0000	0.0000	0.4481	0.0000	0.0000	0.0000	0.0000	NaN	4	19.0000
DB00305	Mitomycin	DOID:10534	stomach cancer	TREATS_CtD	0.4700	0.0000	0.0000	0.0000	0.0000	0.3632	0.0227	0.0346	0.3615	0.0119	0.0000	0.0482	0.0000	0.0000	NaN	1	7.0000
DB00305	Mitomycin	DOID:11054	urinary bladder cancer	TREATS_CtD	0.4700	0.0000	0.9598	0.0000	0.0000	0.0000	0.0018	0.9625	0.0027	0.0009	0.0000	0.0065	0.0000	0.0000	NaN	2	7.0000
DB00691	Moexipril	DOID:10763	hypertension	TREATS_CtD	5.5000	NA	NA	NA	NA	NA	NA	NA	NA	NA	NA	NA	NA	NA	query drug and disease connected by genes not in CircaDB	3	0.0000
DB00764	Mometasone	DOID:2841	asthma	TREATS_CtD	5.8000	0.0000	1.0000	0.0000	0.0000	1.0000	0.0000	1.0000	1.0000	1.0000	0.0000	1.0000	0.0000	1.0000	NaN	1	13.0000
DB00764	Mometasone	DOID:3310	atopic dermatitis	TREATS_CtD	5.8000	0.0000	1.0000	0.0000	0.0000	1.0000	0.0000	1.0000	1.0000	1.0000	0.0000	1.0000	0.0000	1.0000	NaN	1	10.0000
DB00764	Mometasone	DOID:418	systemic scleroderma	TREATS_CtD	5.8000	NA	NA	NA	NA	NA	NA	NA	NA	NA	NA	NA	NA	NA	query drug and disease not connected by genes in hetionet	0	NA
DB00471	Montelukast	DOID:4481	allergic rhinitis	TREATS_CtD	4.1000	0.0736	0.3569	0.0000	0.0000	0.2575	0.0000	0.2833	0.0993	0.4292	0.0000	0.0000	0.0000	0.0000	NaN	2	11.0000
DB00471	Montelukast	DOID:2841	asthma	TREATS_CtD	4.1000	0.0502	0.1359	0.0108	0.0000	0.1353	0.0000	0.2476	0.1134	0.2875	0.0000	0.0000	0.0085	0.0812	NaN	5	29.0000
DB00471	Montelukast	DOID:3083	chronic obstructive pulmonary disease	TREATS_CtD	4.1000	0.0000	0.0000	0.0000	0.0000	0.0000	0.0000	0.0000	0.0000	1.0000	0.0000	0.0000	0.0000	0.0000	NaN	1	1.0000
DB01203	Nadolol	DOID:10763	hypertension	TREATS_CtD	19.0000	0.0000	1.0000	0.0000	0.0000	1.0000	0.0000	1.0000	1.0000	0.0000	0.0000	0.0000	0.0000	0.0000	NaN	2	1.0000
DB00704	Naltrexone	DOID:0050741	alcohol dependence	TREATS_CtD	4.0000	NA	NA	NA	NA	NA	NA	NA	NA	NA	NA	NA	NA	NA	query drug and disease connected by genes not in CircaDB	3	0.0000
DB00788	Naproxen	DOID:13189	gout	TREATS_CtD	15.0000	NA	NA	NA	NA	NA	NA	NA	NA	NA	NA	NA	NA	NA	query drug and disease connected by genes not in CircaDB	1	0.0000
DB00731	Nateglinide	DOID:9352	type 2 diabetes mellitus	TREATS_CtD	1.5000	0.0000	0.0000	0.0000	0.0000	0.0000	0.0000	0.0000	0.0000	1.0000	0.0000	0.0000	0.0000	0.0000	NaN	2	4.0000
DB04861	Nebivolol	DOID:10763	hypertension	TREATS_CtD	10.0000	NA	NA	NA	NA	NA	NA	NA	NA	NA	NA	NA	NA	NA	query drug and disease connected by genes not in CircaDB	1	0.0000
DB00716	Nedocromil	DOID:2841	asthma	TREATS_CtD	3.3000	0.0000	0.0000	0.0000	0.0000	0.0000	0.0000	0.0000	0.0000	0.0000	0.0000	0.0000	0.0000	0.0000	NaN	5	10.0000
DB00220	Nelfinavir	DOID:635	acquired immunodeficiency syndrome	TREATS_CtD	4.2500	NA	NA	NA	NA	NA	NA	NA	NA	NA	NA	NA	NA	NA	query drug and disease connected by genes not in CircaDB	1	0.0000
DB00627	Niacin	DOID:1936	atherosclerosis	TREATS_CtD	0.5400	NA	NA	NA	NA	NA	NA	NA	NA	NA	NA	NA	NA	NA	query drug and disease not connected by genes in hetionet	0	NA
DB00627	Niacin	DOID:3393	coronary artery disease	TREATS_CtD	0.5400	0.0020	0.2633	0.0607	0.0232	0.2309	0.0020	0.1030	0.1134	0.0955	0.0020	0.2627	0.0169	0.0020	NaN	2	68.0000
DB00622	Nicardipine	DOID:10763	hypertension	TREATS_CtD	8.6000	0.0000	0.0216	0.2449	0.0000	0.0000	0.0000	0.0000	0.7335	0.0000	0.0000	0.0000	0.0000	0.0000	NaN	1	11.0000
DB01115	Nifedipine	DOID:10763	hypertension	TREATS_CtD	2.0000	0.0665	0.0598	0.1130	0.0085	0.0945	0.0059	0.2323	0.3872	0.0396	0.0250	0.0639	0.0169	0.1914	NaN	4	426.0000
DB00401	Nisoldipine	DOID:10763	hypertension	TREATS_CtD	9.5000	0.0000	0.0000	0.0000	0.0000	0.0000	0.0000	0.0000	1.0000	0.0000	0.0000	0.0000	0.0000	0.0000	NaN	1	6.0000
DB00275	Olmesartan	DOID:3393	coronary artery disease	TREATS_CtD	13.0000	NA	NA	NA	NA	NA	NA	NA	NA	NA	NA	NA	NA	NA	query drug and disease connected by genes not in CircaDB	1	0.0000
DB00275	Olmesartan	DOID:10763	hypertension	TREATS_CtD	13.0000	NA	NA	NA	NA	NA	NA	NA	NA	NA	NA	NA	NA	NA	query drug and disease connected by genes not in CircaDB	1	0.0000
DB00768	Olopatadine	DOID:4481	allergic rhinitis	TREATS_CtD	3.0000	0.0000	0.0000	0.0000	0.7102	0.0000	0.0000	0.0000	0.2898	0.0000	0.0000	0.0000	0.0000	0.0000	NaN	1	7.0000
DB00816	Orciprenaline	DOID:2841	asthma	TREATS_CtD	6.0000	NA	NA	NA	NA	NA	NA	NA	NA	NA	NA	NA	NA	NA	query drug and disease connected by genes not in CircaDB	3	0.0000
DB01083	Orlistat	DOID:9970	obesity	TREATS_CtD	1.5000	0.0000	0.0000	0.0000	0.0000	0.0000	0.0000	0.0000	0.0000	0.0000	0.0000	0.0000	0.0000	0.0000	NaN	3	18.0000
DB01083	Orlistat	DOID:9352	type 2 diabetes mellitus	TREATS_CtD	1.5000	0.0229	0.1246	0.0164	0.0000	0.1595	0.0000	0.1408	0.1844	0.0358	0.0478	0.0591	0.0060	0.0076	NaN	2	42.0000
DB00642	Pemetrexed	DOID:1324	lung cancer	TREATS_CtD	3.5000	NA	NA	NA	NA	NA	NA	NA	NA	NA	NA	NA	NA	NA	query drug and disease not connected by genes in hetionet	0	NA
DB00859	Penicillamine	DOID:7148	rheumatoid arthritis	TREATS_CtD	1.0000	NA	NA	NA	NA	NA	NA	NA	NA	NA	NA	NA	NA	NA	query drug and disease not connected by genes in hetionet	0	NA
DB00806	Pentoxifylline	DOID:12365	malaria	TREATS_CtD	0.6000	NA	NA	NA	NA	NA	NA	NA	NA	NA	NA	NA	NA	NA	query drug and disease connected by genes not in CircaDB	1	0.0000
DB00806	Pentoxifylline	DOID:418	systemic scleroderma	TREATS_CtD	0.6000	NA	NA	NA	NA	NA	NA	NA	NA	NA	NA	NA	NA	NA	query drug and disease not connected by genes in hetionet	0	NA
DB01579	Phendimetrazine	DOID:9970	obesity	TREATS_CtD	21.5000	NA	NA	NA	NA	NA	NA	NA	NA	NA	NA	NA	NA	NA	query drug and disease connected by genes not in CircaDB	1	0.0000
DB00191	Phentermine	DOID:9970	obesity	TREATS_CtD	23.5000	0.0000	0.0000	0.6247	0.0000	0.0000	0.0000	0.0000	0.0000	0.0000	0.0000	0.0000	0.0000	0.0000	NaN	1	3.0000
DB00397	Phenylpropanolamine	DOID:9970	obesity	TREATS_CtD	2.7500	0.0000	0.0000	1.0000	0.0000	0.0000	0.0000	0.0000	0.0000	0.0000	0.0000	0.0000	0.0000	0.0000	NaN	1	2.0000
DB00252	Phenytoin	DOID:1826	epilepsy syndrome	TREATS_CtD	22.0000	0.0000	0.0000	0.0000	0.0000	0.0000	0.0000	0.0000	0.0000	0.0000	0.0000	0.0000	0.0000	0.0000	NaN	4	1.0000
DB01085	Pilocarpine	DOID:1686	glaucoma	TREATS_CtD	0.7600	NA	NA	NA	NA	NA	NA	NA	NA	NA	NA	NA	NA	NA	query drug and disease not connected by genes in hetionet	0	NA
DB00960	Pindolol	DOID:10763	hypertension	TREATS_CtD	3.5000	0.0279	0.1747	0.0633	0.0905	0.1857	0.0903	0.1443	0.1828	0.0477	0.0654	0.1288	0.0315	0.0844	NaN	6	1362.0000
DB01132	Pioglitazone	DOID:9352	type 2 diabetes mellitus	TREATS_CtD	5.0000	0.0000	0.0000	0.0000	0.0000	0.0000	0.0000	0.0000	0.0000	1.0000	0.0000	0.0000	0.0000	0.0000	NaN	1	4.0000
DB01291	Pirbuterol	DOID:2841	asthma	TREATS_CtD	2.0000	NA	NA	NA	NA	NA	NA	NA	NA	NA	NA	NA	NA	NA	query drug and disease connected by genes not in CircaDB	3	0.0000
DB08860	Pitavastatin	DOID:3393	coronary artery disease	TREATS_CtD	12.0000	0.0000	0.0000	0.0000	0.0000	0.0000	0.0000	0.0000	0.7820	0.0000	0.0000	0.0000	0.7820	0.0000	NaN	1	9.0000
DB00457	Prazosin	DOID:10763	hypertension	TREATS_CtD	2.5000	0.0000	0.0000	0.0000	0.0000	0.0000	0.0000	0.0000	0.0000	0.0000	0.0000	0.0000	0.0000	0.0000	NaN	2	1.0000
DB00860	Prednisolone	DOID:4481	allergic rhinitis	TREATS_CtD	2.5000	0.0221	0.2500	0.0000	0.0000	0.0774	0.0000	0.1497	0.0944	0.1291	0.0000	0.0000	0.0000	0.0000	NaN	1	39.0000
DB00860	Prednisolone	DOID:7147	ankylosing spondylitis	TREATS_CtD	2.5000	0.0000	0.0000	0.0670	0.0000	0.0000	0.0000	0.1446	0.1381	0.0000	0.0000	0.0000	0.0000	0.0000	NaN	1	24.0000
DB00860	Prednisolone	DOID:2841	asthma	TREATS_CtD	2.5000	0.1181	0.4145	0.0990	0.0290	0.3732	0.0000	0.4583	0.4145	0.2870	0.0938	0.2853	0.0041	0.2549	NaN	3	142.0000
DB00860	Prednisolone	DOID:3310	atopic dermatitis	TREATS_CtD	2.5000	0.0395	0.2834	0.0395	0.0000	0.3243	0.0000	0.4243	0.6526	0.4103	0.0654	0.2170	0.0346	0.2356	NaN	4	48.0000
DB00860	Prednisolone	DOID:3083	chronic obstructive pulmonary disease	TREATS_CtD	2.5000	0.0000	0.2699	0.0360	0.0000	0.2699	0.0000	0.0360	0.0000	0.0360	0.2699	0.0000	0.0000	0.0000	NaN	3	4.0000
DB00860	Prednisolone	DOID:13189	gout	TREATS_CtD	2.5000	0.0000	0.0000	0.0000	0.0000	0.0000	0.0000	0.0000	1.0000	1.0000	0.0000	0.0000	0.0000	0.0000	NaN	1	1.0000
DB00860	Prednisolone	DOID:2377	multiple sclerosis	TREATS_CtD	2.5000	0.0297	0.1206	0.0000	0.0553	0.1104	0.0000	0.0580	0.1355	0.0219	0.0000	0.0241	0.0000	0.0000	NaN	1	105.0000
DB00860	Prednisolone	DOID:8893	psoriasis	TREATS_CtD	2.5000	0.0384	0.2634	0.0165	0.0000	0.1073	0.0000	0.1936	0.4607	0.1377	0.0185	0.0854	0.0000	0.0608	NaN	3	89.0000
DB00860	Prednisolone	DOID:9008	psoriatic arthritis	TREATS_CtD	2.5000	0.0000	0.1233	0.0275	0.0000	0.0000	0.0000	0.2036	0.4400	0.0000	0.0000	0.0000	0.0000	0.0000	NaN	2	25.0000
DB00860	Prednisolone	DOID:7148	rheumatoid arthritis	TREATS_CtD	2.5000	0.0000	0.2572	0.0508	0.0656	0.1627	0.0079	0.1081	0.2736	0.0244	0.0000	0.0467	0.0000	0.0342	NaN	2	165.0000
DB00860	Prednisolone	DOID:9074	systemic lupus erythematosus	TREATS_CtD	2.5000	0.0335	0.1403	0.0149	0.0288	0.0902	0.0098	0.2270	0.3415	0.0228	0.0022	0.0402	0.0019	0.0289	NaN	1	106.0000
DB00860	Prednisolone	DOID:8577	ulcerative colitis	TREATS_CtD	2.5000	0.0000	0.1102	0.0000	0.0374	0.1197	0.0000	0.2676	0.0963	0.0245	0.0000	0.0459	0.0000	0.0000	NaN	1	68.0000
DB00635	Prednisone	DOID:8778	Crohn's disease	TREATS_CtD	2.5000	0.0369	0.1786	0.0164	0.0318	0.1856	0.0075	0.1482	0.1509	0.1364	0.0108	0.0644	0.0042	0.0060	NaN	4	275.0000
DB00635	Prednisone	DOID:7147	ankylosing spondylitis	TREATS_CtD	2.5000	0.0000	0.0000	0.0594	0.0000	0.0000	0.0000	0.1281	0.1573	0.0000	0.0000	0.0000	0.0000	0.0000	NaN	1	28.0000
DB00635	Prednisone	DOID:2841	asthma	TREATS_CtD	2.5000	0.0347	0.1573	0.0102	0.0451	0.1221	0.0000	0.2394	0.2420	0.0865	0.0101	0.0303	0.0080	0.1218	NaN	1	145.0000
DB00635	Prednisone	DOID:3310	atopic dermatitis	TREATS_CtD	2.5000	0.0000	0.1303	0.0000	0.0000	0.1987	0.0000	0.4252	0.3590	0.0524	0.0000	0.0000	0.0000	0.0428	NaN	1	36.0000
DB00635	Prednisone	DOID:3083	chronic obstructive pulmonary disease	TREATS_CtD	2.5000	NA	NA	NA	NA	NA	NA	NA	NA	NA	NA	NA	NA	NA	query drug and disease connected by genes not in CircaDB	1	0.0000
DB00635	Prednisone	DOID:13189	gout	TREATS_CtD	2.5000	NA	NA	NA	NA	NA	NA	NA	NA	NA	NA	NA	NA	NA	query drug and disease not connected by genes in hetionet	0	NA
DB00635	Prednisone	DOID:2377	multiple sclerosis	TREATS_CtD	2.5000	0.4835	0.1252	0.0000	0.0225	0.0853	0.0000	0.0283	0.0800	0.0182	0.0000	0.0147	0.0000	0.0022	NaN	2	124.0000
DB00635	Prednisone	DOID:10283	prostate cancer	TREATS_CtD	2.5000	0.0000	1.0000	0.0000	0.0000	0.0000	0.0000	1.0000	0.0000	0.0000	0.0000	0.0000	0.0000	0.0000	NaN	1	1.0000
DB00635	Prednisone	DOID:8893	psoriasis	TREATS_CtD	2.5000	0.0217	0.2140	0.0000	0.0000	0.0317	0.0000	0.1574	0.3664	0.0206	0.0019	0.0171	0.0000	0.0019	NaN	1	88.0000
DB00635	Prednisone	DOID:9008	psoriatic arthritis	TREATS_CtD	2.5000	0.0000	0.1225	0.0000	0.0000	0.0000	0.0000	0.2023	0.4711	0.0000	0.0000	0.0000	0.0000	0.0000	NaN	1	25.0000
DB00635	Prednisone	DOID:7148	rheumatoid arthritis	TREATS_CtD	2.5000	0.0000	0.2100	0.0362	0.0492	0.1793	0.0080	0.1145	0.2440	0.0253	0.0000	0.0457	0.0000	0.0191	NaN	2	201.0000
DB00635	Prednisone	DOID:9074	systemic lupus erythematosus	TREATS_CtD	2.5000	0.0245	0.1256	0.0109	0.0213	0.1363	0.0096	0.2050	0.3487	0.0228	0.0034	0.0317	0.0029	0.0215	NaN	1	138.0000
DB00635	Prednisone	DOID:418	systemic scleroderma	TREATS_CtD	2.5000	0.0000	0.1518	0.0000	0.0000	0.2355	0.0000	0.1254	0.3322	0.0289	0.0000	0.0000	0.0000	0.0378	NaN	1	47.0000
DB00635	Prednisone	DOID:8577	ulcerative colitis	TREATS_CtD	2.5000	0.0454	0.1307	0.0325	0.0519	0.1541	0.0107	0.1558	0.1403	0.1719	0.0198	0.1008	0.0092	0.0202	NaN	3	253.0000
DB00230	Pregabalin	DOID:1826	epilepsy syndrome	TREATS_CtD	6.3000	0.0000	0.0000	0.0000	0.0000	0.0000	0.0000	0.0000	0.0000	0.0000	0.0000	0.0000	0.0000	0.0000	NaN	4	16.0000
DB00794	Primidone	DOID:1826	epilepsy syndrome	TREATS_CtD	13.0000	0.0000	0.0000	0.0000	0.0000	0.0000	0.0000	0.0000	0.0000	0.0000	0.0000	0.0000	0.0000	0.0000	NaN	3	2.0000
DB01032	Probenecid	DOID:13189	gout	TREATS_CtD	9.0000	0.0000	0.0000	0.0000	0.0000	0.0000	0.0000	0.0000	0.0000	0.0000	0.0000	0.0000	0.0000	0.0000	NaN	2	2.0000
DB01168	Procarbazine	DOID:1319	brain cancer	TREATS_CtD	0.1700	0.0000	1.0000	0.0000	0.0000	0.0000	0.0000	1.0000	0.0000	0.0000	0.0000	1.0000	0.0000	0.0000	NaN	1	2.0000
DB01131	Proguanil	DOID:12365	malaria	TREATS_CtD	20.0000	0.0000	0.0226	0.0000	0.0000	0.0000	0.0000	0.0000	0.0000	0.0000	0.0000	0.0000	0.0000	0.0000	NaN	2	6.0000
DB00571	Propranolol	DOID:10763	hypertension	TREATS_CtD	4.0000	0.0000	0.4738	0.0000	0.1580	0.3371	0.0000	0.5598	0.0000	0.1891	0.0000	0.1791	0.0000	0.0000	NaN	2	7.0000
DB00571	Propranolol	DOID:6364	migraine	TREATS_CtD	4.0000	NA	NA	NA	NA	NA	NA	NA	NA	NA	NA	NA	NA	NA	query drug and disease connected by genes not in CircaDB	1	0.0000
DB00550	Propylthiouracil	DOID:12361	Graves' disease	TREATS_CtD	2.0000	NA	NA	NA	NA	NA	NA	NA	NA	NA	NA	NA	NA	NA	query drug and disease connected by genes not in CircaDB	3	0.0000
DB00881	Quinapril	DOID:10763	hypertension	TREATS_CtD	2.0000	NA	NA	NA	NA	NA	NA	NA	NA	NA	NA	NA	NA	NA	query drug and disease connected by genes not in CircaDB	2	0.0000
DB00908	Quinidine	DOID:12365	malaria	TREATS_CtD	7.0000	0.0078	0.0189	0.0000	0.0000	0.0000	0.0000	0.0357	0.0000	0.0000	0.0000	0.0000	0.0000	0.0000	NaN	4	13.0000
DB00468	Quinine	DOID:12365	malaria	TREATS_CtD	18.0000	0.0000	0.0000	0.0000	0.0000	0.0000	0.0000	0.0367	0.0000	0.0000	0.0000	0.0000	0.0000	0.0000	NaN	3	8.0000
DB00912	Repaglinide	DOID:9352	type 2 diabetes mellitus	TREATS_CtD	1.0000	NA	NA	NA	NA	NA	NA	NA	NA	NA	NA	NA	NA	NA	query drug and disease connected by genes not in CircaDB	2	0.0000
DB01045	Rifampicin	DOID:1024	leprosy	TREATS_CtD	3.3500	0.0000	0.0000	0.0000	0.0000	0.0000	0.0000	0.0000	0.0000	0.0000	0.0000	0.0000	0.0000	0.0000	NaN	1	1.0000
DB00740	Riluzole	DOID:332	amyotrophic lateral sclerosis	TREATS_CtD	12.0000	0.7627	0.7627	0.0000	0.0000	0.7627	0.0000	1.0000	0.0000	0.0000	0.0000	0.0000	0.0000	0.0000	NaN	1	2.0000
DB00884	Risedronate	DOID:5408	Paget's disease of bone	TREATS_CtD	1.5000	0.0000	0.0000	0.0000	0.0000	0.0000	0.0000	0.0000	0.0000	0.0000	0.0000	0.0000	0.0000	0.0000	NaN	2	4.0000
DB00884	Risedronate	DOID:11476	osteoporosis	TREATS_CtD	1.5000	0.0000	0.0000	0.0000	0.0000	0.0000	0.0000	0.0000	0.0000	0.0000	0.0000	0.0000	0.0000	0.0000	NaN	4	13.0000
DB00503	Ritonavir	DOID:635	acquired immunodeficiency syndrome	TREATS_CtD	4.0000	0.0000	0.0000	0.0000	0.0000	0.0000	0.0000	0.0000	0.0000	0.0000	0.0000	0.0000	0.0000	0.0000	NaN	1	4.0000
DB00989	Rivastigmine	DOID:10652	Alzheimer's disease	TREATS_CtD	1.5000	1.0000	1.0000	0.0000	1.0000	1.0000	0.0000	0.0000	1.0000	1.0000	0.0000	0.0000	1.0000	1.0000	NaN	3	1.0000
DB00412	Rosiglitazone	DOID:9352	type 2 diabetes mellitus	TREATS_CtD	3.5000	0.0000	0.0000	0.0000	0.0000	0.0000	0.0000	0.0000	0.0000	1.0000	0.0000	0.0000	0.0000	0.0000	NaN	1	4.0000
DB01098	Rosuvastatin	DOID:1936	atherosclerosis	TREATS_CtD	19.0000	0.0000	0.0883	0.0169	0.0391	0.0886	0.0166	0.1461	0.5975	0.1091	0.0596	0.0606	0.3321	0.0662	NaN	5	70.0000
DB01098	Rosuvastatin	DOID:3393	coronary artery disease	TREATS_CtD	19.0000	0.0000	0.0234	0.0000	0.1245	0.1145	0.0000	0.0809	0.3822	0.1103	0.0055	0.0123	0.3249	0.0159	NaN	3	76.0000
DB06201	Rufinamide	DOID:1826	epilepsy syndrome	TREATS_CtD	8.0000	0.0000	0.9565	0.0000	0.0000	0.0000	0.0000	0.0000	0.0000	0.0000	0.0000	0.0000	0.0000	0.0000	NaN	4	19.0000
DB01001	Salbutamol	DOID:2841	asthma	TREATS_CtD	1.6000	0.0778	0.3771	0.0000	0.0000	0.2722	0.0000	0.2994	0.1050	0.4536	0.0000	0.0000	0.0000	0.0000	NaN	2	10.0000
DB01001	Salbutamol	DOID:3083	chronic obstructive pulmonary disease	TREATS_CtD	1.6000	NA	NA	NA	NA	NA	NA	NA	NA	NA	NA	NA	NA	NA	query drug and disease connected by genes not in CircaDB	1	0.0000
DB00938	Salmeterol	DOID:2841	asthma	TREATS_CtD	5.5000	NA	NA	NA	NA	NA	NA	NA	NA	NA	NA	NA	NA	NA	query drug and disease not connected by genes in hetionet	0	NA
DB01105	Sibutramine	DOID:9970	obesity	TREATS_CtD	1.1000	NA	NA	NA	NA	NA	NA	NA	NA	NA	NA	NA	NA	NA	query drug and disease connected by genes not in CircaDB	1	0.0000
DB00641	Simvastatin	DOID:1936	atherosclerosis	TREATS_CtD	3.0000	0.0000	0.0000	0.0000	0.0000	0.0000	0.0000	0.0000	1.0000	0.0000	0.0000	0.0000	1.0000	0.0000	NaN	2	5.0000
DB00641	Simvastatin	DOID:3393	coronary artery disease	TREATS_CtD	3.0000	0.0009	0.0515	0.0016	0.0213	0.0296	0.0019	0.0956	0.7110	0.0275	0.0008	0.0289	0.6243	0.0027	NaN	3	158.0000
DB01261	Sitagliptin	DOID:9352	type 2 diabetes mellitus	TREATS_CtD	12.4000	0.1303	0.2969	0.0932	0.0571	0.2776	0.0485	0.2486	0.2390	0.1831	0.0342	0.1686	0.0063	0.0517	NaN	6	292.0000
DB00421	Spironolactone	DOID:12930	dilated cardiomyopathy	TREATS_CtD	0.1700	1.0000	1.0000	1.0000	0.0000	1.0000	0.0000	1.0000	1.0000	0.0000	1.0000	1.0000	0.0000	0.0000	NaN	1	1.0000
DB00421	Spironolactone	DOID:10763	hypertension	TREATS_CtD	0.1700	0.6160	0.7869	0.6164	0.0000	0.7782	0.0036	0.7930	0.9685	0.1667	0.6170	0.7792	0.0061	0.1735	NaN	3	105.0000
DB00649	Stavudine	DOID:635	acquired immunodeficiency syndrome	TREATS_CtD	1.1500	NA	NA	NA	NA	NA	NA	NA	NA	NA	NA	NA	NA	NA	query drug and disease connected by genes not in CircaDB	1	0.0000
DB00795	Sulfasalazine	DOID:8778	Crohn's disease	TREATS_CtD	7.5000	0.0386	0.0843	0.0131	0.0349	0.1003	0.0022	0.1448	0.1001	0.1766	0.0053	0.0599	0.0000	0.0000	NaN	5	114.0000
DB00795	Sulfasalazine	DOID:7147	ankylosing spondylitis	TREATS_CtD	7.5000	0.0000	0.0000	0.1655	0.0443	0.0000	0.0000	0.3844	0.1390	0.0069	0.0000	0.0000	0.0000	0.0000	NaN	4	13.0000
DB00795	Sulfasalazine	DOID:7148	rheumatoid arthritis	TREATS_CtD	7.5000	0.0000	0.0305	0.0459	0.1209	0.0367	0.0000	0.3935	0.0324	0.0129	0.0000	0.0127	0.0000	0.0000	NaN	5	50.0000
DB00795	Sulfasalazine	DOID:8577	ulcerative colitis	TREATS_CtD	7.5000	0.0415	0.0955	0.0223	0.0438	0.1061	0.0057	0.1891	0.0984	0.1771	0.0136	0.0856	0.0086	0.0078	NaN	6	152.0000
DB00799	Tazarotene	DOID:8893	psoriasis	TREATS_CtD	18.0000	0.4800	0.7600	0.2400	0.5200	0.2400	0.0000	0.7600	1.0000	0.0000	0.0000	0.2400	0.2400	0.0000	NaN	1	4.0000
DB01265	Telbivudine	DOID:2043	hepatitis B	TREATS_CtD	15.0000	NA	NA	NA	NA	NA	NA	NA	NA	NA	NA	NA	NA	NA	query drug and disease not connected by genes in hetionet	0	NA
DB00853	Temozolomide	DOID:1319	brain cancer	TREATS_CtD	1.8000	0.0310	0.1648	0.0841	0.2870	0.1325	0.0207	0.4454	0.3108	0.0138	0.0829	0.0941	0.0783	0.0044	NaN	1	43.0000
DB00853	Temozolomide	DOID:3070	malignant glioma	TREATS_CtD	1.8000	0.0278	0.1595	0.0718	0.2601	0.1454	0.0355	0.4238	0.2988	0.0762	0.0775	0.0559	0.0494	0.0000	NaN	1	59.0000
DB00853	Temozolomide	DOID:1909	melanoma	TREATS_CtD	1.8000	0.0410	0.0646	0.0135	0.0982	0.0452	0.0185	0.4712	0.4034	0.0397	0.0409	0.0112	0.0102	0.0214	NaN	3	72.0000
DB00853	Temozolomide	DOID:4159	skin cancer	TREATS_CtD	1.8000	0.0912	0.1141	0.0216	0.3327	0.0515	0.0000	0.6173	0.4030	0.0515	0.0289	0.0506	0.0000	0.0577	NaN	2	27.0000
DB00444	Teniposide	DOID:1324	lung cancer	TREATS_CtD	5.0000	NA	NA	NA	NA	NA	NA	NA	NA	NA	NA	NA	NA	NA	query drug and disease not connected by genes in hetionet	0	NA
DB00444	Teniposide	DOID:0060073	lymphatic system cancer	TREATS_CtD	5.0000	NA	NA	NA	NA	NA	NA	NA	NA	NA	NA	NA	NA	NA	query drug and disease not connected by genes in hetionet	0	NA
DB01162	Terazosin	DOID:10763	hypertension	TREATS_CtD	12.0000	0.0000	0.0000	0.0000	0.0000	0.0000	0.0000	1.0000	0.0000	0.0000	0.0000	0.7500	0.0000	0.0000	NaN	2	2.0000
DB00871	Terbutaline	DOID:2841	asthma	TREATS_CtD	5.7000	NA	NA	NA	NA	NA	NA	NA	NA	NA	NA	NA	NA	NA	query drug and disease connected by genes not in CircaDB	3	0.0000
DB01041	Thalidomide	DOID:1024	leprosy	TREATS_CtD	6.0000	0.0000	0.0000	0.0000	0.0000	0.0000	0.0000	0.0000	0.0000	0.0000	0.0000	0.0000	0.0000	0.0000	NaN	2	1.0000
DB00277	Theophylline	DOID:2841	asthma	TREATS_CtD	8.0000	0.0000	0.2210	0.0000	0.0000	0.2851	0.0009	0.0009	0.0435	0.0000	0.0000	0.0000	0.0000	0.2017	NaN	4	41.0000
DB04572	Thiotepa	DOID:1612	breast cancer	TREATS_CtD	2.8000	0.0323	0.1159	0.0280	0.0431	0.0945	0.0390	0.0873	0.1502	0.1079	0.0315	0.0596	0.0104	0.0688	NaN	3	581.0000
DB04572	Thiotepa	DOID:1115	sarcoma	TREATS_CtD	2.8000	0.0034	0.1688	0.1202	0.0414	0.1711	0.0288	0.0860	0.0801	0.0000	0.1060	0.0440	0.0391	0.0391	NaN	1	91.0000
DB04572	Thiotepa	DOID:11054	urinary bladder cancer	TREATS_CtD	2.8000	0.0659	0.1644	0.1036	0.0539	0.2452	0.0839	0.1856	0.2360	0.0000	0.0397	0.0944	0.0411	0.0411	NaN	1	129.0000
DB00373	Timolol	DOID:3393	coronary artery disease	TREATS_CtD	3.7500	0.0000	1.0000	0.0000	0.0000	0.0000	0.0000	0.0000	0.0000	0.0000	0.0000	0.0000	0.0000	0.0000	NaN	1	3.0000
DB00373	Timolol	DOID:1686	glaucoma	TREATS_CtD	3.7500	0.0000	1.0000	0.0000	0.0000	0.0000	0.0000	0.0000	0.0000	0.0000	0.0000	0.0000	0.0000	0.0000	NaN	2	1.0000
DB00373	Timolol	DOID:10763	hypertension	TREATS_CtD	3.7500	0.5449	1.0000	0.0000	0.0000	0.0000	0.0000	0.5449	0.0000	0.0000	0.0000	0.0000	0.0000	0.0000	NaN	2	6.0000
DB00373	Timolol	DOID:6364	migraine	TREATS_CtD	3.7500	NA	NA	NA	NA	NA	NA	NA	NA	NA	NA	NA	NA	NA	query drug and disease not connected by genes in hetionet	0	NA
DB00775	Tirofiban	DOID:3393	coronary artery disease	TREATS_CtD	2.0000	0.0000	0.1175	0.0000	0.0000	0.0190	0.0000	0.1175	0.1175	0.0000	0.0000	0.0000	0.0000	0.0000	NaN	4	8.0000
DB00839	Tolazamide	DOID:9352	type 2 diabetes mellitus	TREATS_CtD	7.0000	0.0000	0.3991	0.0000	0.0000	0.0000	0.0000	0.0000	0.0000	0.0000	0.0000	0.0000	0.0000	0.0000	NaN	4	2.0000
DB01124	Tolbutamide	DOID:9352	type 2 diabetes mellitus	TREATS_CtD	7.0000	0.0000	0.1114	0.0000	0.0000	0.0000	0.0000	0.0000	0.0000	0.0000	0.0000	0.0000	0.0000	0.0000	NaN	3	2.0000
DB00273	Topiramate	DOID:1826	epilepsy syndrome	TREATS_CtD	21.0000	0.0000	0.6730	0.0000	0.0000	0.5095	0.0000	0.0769	0.0413	0.0000	0.0000	0.4514	0.0000	0.0000	NaN	5	26.0000
DB00273	Topiramate	DOID:6364	migraine	TREATS_CtD	21.0000	NA	NA	NA	NA	NA	NA	NA	NA	NA	NA	NA	NA	NA	query drug and disease connected by genes not in CircaDB	2	0.0000
DB00273	Topiramate	DOID:9970	obesity	TREATS_CtD	21.0000	NA	NA	NA	NA	NA	NA	NA	NA	NA	NA	NA	NA	NA	query drug and disease not connected by genes in hetionet	0	NA
DB01030	Topotecan	DOID:4362	cervical cancer	TREATS_CtD	2.5000	0.0236	0.2934	0.0198	0.0388	0.0909	0.0106	0.1471	0.0833	0.0739	0.0247	0.0485	0.0109	0.2311	NaN	2	1673.0000
DB01030	Topotecan	DOID:1324	lung cancer	TREATS_CtD	2.5000	0.0000	0.2878	0.0000	0.0000	0.0000	0.0000	0.2878	0.2878	0.0000	0.0000	0.0000	0.0000	0.0000	NaN	1	2.0000
DB01030	Topotecan	DOID:2394	ovarian cancer	TREATS_CtD	2.5000	0.0325	0.4719	0.0198	0.0243	0.0723	0.0154	0.1556	0.1313	0.0618	0.0435	0.0543	0.0121	0.0280	NaN	8	2544.0000
DB01030	Topotecan	DOID:1192	peripheral nervous system neoplasm	TREATS_CtD	2.5000	0.0127	0.6470	0.0038	0.0352	0.0952	0.0458	0.0996	0.0785	0.0633	0.0209	0.0425	0.0051	0.0127	NaN	3	473.0000
DB00214	Torasemide	DOID:10763	hypertension	TREATS_CtD	3.5000	0.0000	0.0000	0.0000	0.0000	0.0000	0.0000	0.0000	0.0000	1.0000	0.0000	0.0000	0.0000	0.0000	NaN	1	1.0000
DB00287	Travoprost	DOID:1686	glaucoma	TREATS_CtD	0.7500	NA	NA	NA	NA	NA	NA	NA	NA	NA	NA	NA	NA	NA	query drug and disease connected by genes not in CircaDB	4	0.0000
DB00755	Tretinoin	DOID:1192	peripheral nervous system neoplasm	TREATS_CtD	1.2500	0.1122	0.1957	0.0706	0.1596	0.1277	0.0564	0.3543	0.2651	0.0904	0.0257	0.1435	0.0466	0.0971	NaN	4	442.0000
DB00620	Triamcinolone	DOID:4481	allergic rhinitis	TREATS_CtD	1.4700	0.2098	0.3592	0.0165	0.0108	0.1001	0.0000	0.1616	0.3127	0.0995	0.0085	0.0126	0.0123	0.0117	NaN	4	207.0000
DB00620	Triamcinolone	DOID:986	alopecia areata	TREATS_CtD	1.4700	NA	NA	NA	NA	NA	NA	NA	NA	NA	NA	NA	NA	NA	query drug and disease not connected by genes in hetionet	0	NA
DB00620	Triamcinolone	DOID:7147	ankylosing spondylitis	TREATS_CtD	1.4700	0.0000	0.0000	0.0687	0.0000	0.0000	0.0000	0.1482	0.1415	0.0000	0.0000	0.0000	0.0000	0.0000	NaN	1	23.0000
DB00620	Triamcinolone	DOID:2841	asthma	TREATS_CtD	1.4700	0.0722	0.2797	0.0644	0.0480	0.2368	0.0548	0.3919	0.3181	0.1792	0.0348	0.0921	0.0507	0.0996	NaN	4	402.0000
DB00620	Triamcinolone	DOID:3310	atopic dermatitis	TREATS_CtD	1.4700	0.0405	0.2309	0.0226	0.0324	0.2186	0.0000	0.4661	0.5598	0.1496	0.0230	0.1140	0.0653	0.1947	NaN	6	217.0000
DB00620	Triamcinolone	DOID:2377	multiple sclerosis	TREATS_CtD	1.4700	0.0292	0.1186	0.0000	0.0544	0.1085	0.0000	0.0570	0.1333	0.0215	0.0000	0.0237	0.0000	0.0000	NaN	1	103.0000
DB00620	Triamcinolone	DOID:8893	psoriasis	TREATS_CtD	1.4700	0.0749	0.3078	0.0388	0.0407	0.2089	0.0000	0.2700	0.3973	0.1255	0.0397	0.0710	0.0450	0.0695	NaN	4	334.0000
DB00620	Triamcinolone	DOID:9008	psoriatic arthritis	TREATS_CtD	1.4700	0.0003	0.0852	0.0001	0.0008	0.0024	0.0001	0.3151	0.4747	0.0008	0.0007	0.0009	0.0003	0.0005	NaN	3	75.0000
DB00620	Triamcinolone	DOID:7148	rheumatoid arthritis	TREATS_CtD	1.4700	0.0000	0.2635	0.0526	0.0680	0.1684	0.0082	0.1119	0.2833	0.0253	0.0000	0.0484	0.0000	0.0261	NaN	1	157.0000
DB00620	Triamcinolone	DOID:9074	systemic lupus erythematosus	TREATS_CtD	1.4700	0.0329	0.1327	0.0146	0.0282	0.0884	0.0096	0.2223	0.3345	0.0223	0.0021	0.0394	0.0018	0.0283	NaN	1	103.0000
DB00620	Triamcinolone	DOID:8577	ulcerative colitis	TREATS_CtD	1.4700	0.0366	0.1576	0.0199	0.0249	0.1495	0.0269	0.2450	0.2326	0.0705	0.0092	0.0295	0.0151	0.0178	NaN	3	241.0000
DB00384	Triamterene	DOID:10763	hypertension	TREATS_CtD	4.2500	0.0000	0.0000	0.0000	0.0000	0.0000	0.0000	1.0000	0.0000	0.0000	0.0000	0.0000	0.0000	1.0000	NaN	4	3.0000
DB00313	Valproic Acid	DOID:1826	epilepsy syndrome	TREATS_CtD	12.5000	0.0000	0.0000	0.9821	0.0000	0.0000	0.0000	0.0000	0.0000	0.0179	0.0000	0.0000	0.0000	0.0000	NaN	1	2.0000
DB00313	Valproic Acid	DOID:6364	migraine	TREATS_CtD	12.5000	NA	NA	NA	NA	NA	NA	NA	NA	NA	NA	NA	NA	NA	query drug and disease not connected by genes in hetionet	0	NA
DB01273	Varenicline	DOID:0050742	nicotine dependence	TREATS_CtD	24.0000	0.0229	0.4098	0.0669	0.0233	0.2144	0.0254	0.3387	0.4077	0.0803	0.0367	0.1368	0.0230	0.1114	NaN	5	335.0000
DB00661	Verapamil	DOID:10763	hypertension	TREATS_CtD	5.1000	0.0290	0.0000	0.0000	0.0000	0.0000	0.0000	0.0000	0.5858	0.0000	0.0000	0.0000	0.0000	0.0000	NaN	2	13.0000
DB00661	Verapamil	DOID:6364	migraine	TREATS_CtD	5.1000	0.0000	0.0000	0.0000	0.0000	0.0000	0.0000	0.0000	0.0000	0.0000	0.0000	0.0000	0.0000	0.0000	NaN	2	1.0000
DB00549	Zafirlukast	DOID:2841	asthma	TREATS_CtD	10.0000	0.0000	0.1843	0.0000	0.0000	0.0000	0.0000	0.0000	0.0000	0.8157	0.0000	0.0000	0.0000	0.0000	NaN	4	6.0000
DB00495	Zidovudine	DOID:635	acquired immunodeficiency syndrome	TREATS_CtD	1.1000	0.0000	0.0000	0.0000	0.0000	0.0000	0.0000	0.0000	1.0000	0.0000	0.0000	0.0000	0.0000	0.0000	NaN	2	1.0000
DB00744	Zileuton	DOID:2841	asthma	TREATS_CtD	2.5000	0.0000	0.0000	0.0000	0.8620	0.0000	0.0000	0.0000	0.0000	0.0000	0.0000	0.0000	0.0000	0.0000	NaN	2	2.0000
