abbreviation	category	length	dwpc_hetmech_runtime
CbGaD	no_repeats	2	0.81963
CbGdD	no_repeats	2	0.79029
CbGuD	no_repeats	2	0.77598
CdGaD	no_repeats	2	0.80813
CdGdD	no_repeats	2	0.80496
CdGuD	no_repeats	2	0.80967
CpDrD	short_repeat	2	0.13529
CrCpD	short_repeat	2	0.19533
CrCtD	short_repeat	2	0.18994
CtDrD	short_repeat	2	0.13335
CuGaD	no_repeats	2	0.81416
CuGdD	no_repeats	2	0.8119
CuGuD	no_repeats	2	0.80221
CbG<rGaD	short_repeat	3	2.0857
CbG<rGdD	short_repeat	3	2.2326
CbG<rGuD	short_repeat	3	2.0885
CbGaDrD	short_repeat	3	0.86012
CbGbCpD	short_repeat	3	0.89843
CbGbCtD	short_repeat	3	0.92114
CbGcGaD	short_repeat	3	1.7863
CbGcGdD	short_repeat	3	1.7766
CbGcGuD	short_repeat	3	1.7703
CbGdAlD	no_repeats	3	1.0629
CbGdCpD	short_repeat	3	0.88768
CbGdCtD	short_repeat	3	0.8836
CbGdDrD	short_repeat	3	0.81564
CbGeAlD	no_repeats	3	2.0029
CbGiGaD	short_repeat	3	2.1947
CbGiGdD	short_repeat	3	2.1727
CbGiGuD	short_repeat	3	2.1921
CbGr>GaD	short_repeat	3	2.1026
CbGr>GdD	short_repeat	3	2.0901
CbGr>GuD	short_repeat	3	2.1235
CbGuAlD	no_repeats	3	1.0699
CbGuCpD	short_repeat	3	0.89343
CbGuCtD	short_repeat	3	0.88638
CbGuDrD	short_repeat	3	0.84311
CcSEcCpD	short_repeat	3	1.1353
CcSEcCtD	short_repeat	3	1.1386
CdG<rGaD	short_repeat	3	2.23
CdG<rGdD	short_repeat	3	2.2053
CdG<rGuD	short_repeat	3	2.2256
CdGaDrD	short_repeat	3	0.88401
CdGbCpD	short_repeat	3	0.89716
CdGbCtD	short_repeat	3	0.91333
CdGcGaD	short_repeat	3	1.7817
CdGcGdD	short_repeat	3	1.7612
CdGcGuD	short_repeat	3	1.774
CdGdAlD	no_repeats	3	1.0854
CdGdCpD	short_repeat	3	0.92032
CdGdCtD	short_repeat	3	0.89699
CdGdDrD	short_repeat	3	0.87371
CdGeAlD	no_repeats	3	2.0629
CdGiGaD	short_repeat	3	2.2789
CdGiGdD	short_repeat	3	2.2114
CdGiGuD	short_repeat	3	2.176
CdGr>GaD	short_repeat	3	2.1442
CdGr>GdD	short_repeat	3	2.1094
CdGr>GuD	short_repeat	3	2.1142
CdGuAlD	no_repeats	3	1.0716
CdGuCpD	short_repeat	3	0.91353
CdGuCtD	short_repeat	3	0.89529
CdGuDrD	short_repeat	3	0.83247
CiPCiCpD	short_repeat	3	0.21548
CiPCiCtD	short_repeat	3	0.21884
CpDaGaD	short_repeat	3	0.82306
CpDaGdD	short_repeat	3	0.82677
CpDaGuD	short_repeat	3	0.83189
CpDdGaD	short_repeat	3	0.81181
CpDdGdD	short_repeat	3	0.81076
CpDdGuD	short_repeat	3	0.79646
CpDlAlD	short_repeat	3	0.19685
CpDpCpD	BABA	3	0.21355
CpDpCtD	BABA	3	0.21489
CpDpSpD	short_repeat	3	0.19959
CpDrDrD	short_repeat	3	0.1785
CpDtCpD	BABA	3	0.21842
CpDtCtD	BABA	3	0.21331
CpDuGaD	short_repeat	3	0.81238
CpDuGdD	short_repeat	3	0.81075
CpDuGuD	short_repeat	3	0.80192
CrCbGaD	short_repeat	3	0.88669
CrCbGdD	short_repeat	3	0.87961
CrCbGuD	short_repeat	3	0.8823
CrCdGaD	short_repeat	3	0.92512
CrCdGdD	short_repeat	3	0.91818
CrCdGuD	short_repeat	3	0.92729
CrCpDrD	disjoint	3	0.24341
CrCrCpD	short_repeat	3	0.30707
CrCrCtD	short_repeat	3	0.31147
CrCtDrD	disjoint	3	0.2494
CrCuGaD	short_repeat	3	0.93198
CrCuGdD	short_repeat	3	0.92295
CrCuGuD	short_repeat	3	0.913
CtDaGaD	short_repeat	3	0.85536
CtDaGdD	short_repeat	3	0.83988
CtDaGuD	short_repeat	3	0.84649
CtDdGaD	short_repeat	3	0.83954
CtDdGdD	short_repeat	3	0.83298
CtDdGuD	short_repeat	3	0.82628
CtDlAlD	short_repeat	3	0.20455
CtDpCpD	BABA	3	0.22053
CtDpCtD	BABA	3	0.21205
CtDpSpD	short_repeat	3	0.19907
CtDrDrD	short_repeat	3	0.18623
CtDtCpD	BABA	3	0.21528
CtDtCtD	BABA	3	0.21743
CtDuGaD	short_repeat	3	0.82666
CtDuGdD	short_repeat	3	0.83042
CtDuGuD	short_repeat	3	0.83053
CuG<rGaD	short_repeat	3	2.2019
CuG<rGdD	short_repeat	3	2.1611
CuG<rGuD	short_repeat	3	2.1609
CuGaDrD	short_repeat	3	0.86587
CuGbCpD	short_repeat	3	0.89247
CuGbCtD	short_repeat	3	0.8959
CuGcGaD	short_repeat	3	1.8422
CuGcGdD	short_repeat	3	1.8618
CuGcGuD	short_repeat	3	1.754
CuGdAlD	no_repeats	3	1.0769
CuGdCpD	short_repeat	3	0.92312
CuGdCtD	short_repeat	3	0.91035
CuGdDrD	short_repeat	3	0.8384
CuGeAlD	no_repeats	3	2.0089
CuGiGaD	short_repeat	3	2.2028
CuGiGdD	short_repeat	3	2.1968
CuGiGuD	short_repeat	3	2.1972
CuGr>GaD	short_repeat	3	2.192
CuGr>GdD	short_repeat	3	2.1355
CuGr>GuD	short_repeat	3	2.1028
CuGuAlD	no_repeats	3	1.0699
CuGuCpD	short_repeat	3	0.93245
CuGuCtD	short_repeat	3	0.90804
CuGuDrD	short_repeat	3	0.85758
CbG<rG<rGaD	short_repeat	4	3.7977
CbG<rG<rGdD	short_repeat	4	3.8661
CbG<rG<rGuD	short_repeat	4	3.8833
CbG<rGaDrD	disjoint	4	2.251
CbG<rGbCpD	BAAB	4	2.2585
CbG<rGbCtD	BAAB	4	2.2586
CbG<rGcGaD	short_repeat	4	3.1708
CbG<rGcGdD	short_repeat	4	3.2253
CbG<rGcGuD	short_repeat	4	3.1944
CbG<rGdAlD	short_repeat	4	2.4732
CbG<rGdCpD	BAAB	4	2.2574
CbG<rGdCtD	BAAB	4	2.2205
CbG<rGdDrD	disjoint	4	2.1782
CbG<rGeAlD	short_repeat	4	3.5575
CbG<rGiGaD	short_repeat	4	3.9782
CbG<rGiGdD	short_repeat	4	3.9443
CbG<rGiGuD	short_repeat	4	3.9694
CbG<rGr>GaD	short_repeat	4	4.079
CbG<rGr>GdD	short_repeat	4	4.016
CbG<rGr>GuD	short_repeat	4	3.9507
CbG<rGuAlD	short_repeat	4	2.5325
CbG<rGuCpD	BAAB	4	2.3278
CbG<rGuCtD	BAAB	4	2.2495
CbG<rGuDrD	disjoint	4	2.2225
CbGaDaGaD	BABA	4	1.7472
CbGaDaGdD	BABA	4	1.6473
CbGaDaGuD	BABA	4	1.6176
CbGaDdGaD	BABA	4	1.5993
CbGaDdGdD	BABA	4	1.5668
CbGaDdGuD	BABA	4	1.5527
CbGaDlAlD	short_repeat	4	0.93893
CbGaDpCpD	BABA	4	0.94569
CbGaDpCtD	BABA	4	0.93558
CbGaDpSpD	short_repeat	4	0.93954
CbGaDrDrD	short_repeat	4	0.91727
CbGaDtCpD	BABA	4	0.94044
CbGaDtCtD	BABA	4	0.97471
CbGaDuGaD	BABA	4	1.5948
CbGaDuGdD	BABA	4	1.596
CbGaDuGuD	BABA	4	1.5715
CbGbCbGaD	BABA	4	1.6396
CbGbCbGdD	BABA	4	1.663
CbGbCbGuD	BABA	4	1.6797
CbGbCdGaD	BABA	4	1.7271
CbGbCdGdD	BABA	4	1.7179
CbGbCdGuD	BABA	4	1.7088
CbGbCpDrD	disjoint	4	0.97825
CbGbCrCpD	short_repeat	4	1.0417
CbGbCrCtD	short_repeat	4	1.0344
CbGbCtDrD	disjoint	4	0.96188
CbGbCuGaD	BABA	4	1.7644
CbGbCuGdD	BABA	4	1.7967
CbGbCuGuD	BABA	4	1.717
CbGcG<rGaD	short_repeat	4	3.2381
CbGcG<rGdD	short_repeat	4	3.2155
CbGcG<rGuD	short_repeat	4	3.1985
CbGcGaDrD	disjoint	4	1.8473
CbGcGbCpD	BAAB	4	1.9118
CbGcGbCtD	BAAB	4	1.9154
CbGcGcGaD	short_repeat	4	2.9254
CbGcGcGdD	short_repeat	4	2.8931
CbGcGcGuD	short_repeat	4	2.959
CbGcGdAlD	short_repeat	4	2.0897
CbGcGdCpD	BAAB	4	1.8866
CbGcGdCtD	BAAB	4	1.8793
CbGcGdDrD	disjoint	4	1.7981
CbGcGeAlD	short_repeat	4	3.2011
CbGcGiGaD	short_repeat	4	3.2127
CbGcGiGdD	short_repeat	4	3.209
CbGcGiGuD	short_repeat	4	3.2478
CbGcGr>GaD	short_repeat	4	3.1649
CbGcGr>GdD	short_repeat	4	3.1507
CbGcGr>GuD	short_repeat	4	3.1506
CbGcGuAlD	short_repeat	4	2.076
CbGcGuCpD	BAAB	4	1.8404
CbGcGuCtD	BAAB	4	1.8912
CbGcGuDrD	disjoint	4	1.8019
CbGdAdGaD	short_repeat	4	7.644
CbGdAdGdD	short_repeat	4	7.6433
CbGdAdGuD	short_repeat	4	7.6564
CbGdAeGaD	short_repeat	4	13.242
CbGdAeGdD	short_repeat	4	13.701
CbGdAeGuD	short_repeat	4	13.724
CbGdAlDrD	short_repeat	4	1.1217
CbGdAuGaD	short_repeat	4	7.7757
CbGdAuGdD	short_repeat	4	7.5486
CbGdAuGuD	short_repeat	4	7.6156
CbGdCbGaD	BABA	4	1.8002
CbGdCbGdD	BABA	4	1.8093
CbGdCbGuD	BABA	4	1.637
CbGdCdGaD	BABA	4	1.6553
CbGdCdGdD	BABA	4	1.658
CbGdCdGuD	BABA	4	1.657
CbGdCpDrD	disjoint	4	0.94364
CbGdCrCpD	short_repeat	4	1.0192
CbGdCrCtD	short_repeat	4	0.99498
CbGdCtDrD	disjoint	4	0.97431
CbGdCuGaD	BABA	4	1.6728
CbGdCuGdD	BABA	4	1.7033
CbGdCuGuD	BABA	4	1.7001
CbGdDaGaD	BABA	4	1.5858
CbGdDaGdD	BABA	4	1.5256
CbGdDaGuD	BABA	4	1.5301
CbGdDdGaD	BABA	4	1.7888
CbGdDdGdD	BABA	4	1.834
CbGdDdGuD	BABA	4	1.7969
CbGdDlAlD	short_repeat	4	1.0281
CbGdDpCpD	BABA	4	1.0779
CbGdDpCtD	BABA	4	1.0881
CbGdDpSpD	short_repeat	4	0.96477
CbGdDrDrD	short_repeat	4	0.98285
CbGdDtCpD	BABA	4	0.97342
CbGdDtCtD	BABA	4	0.93906
CbGdDuGaD	BABA	4	1.5929
CbGdDuGdD	BABA	4	1.5824
CbGdDuGuD	BABA	4	1.6984
CbGeAdGaD	short_repeat	4	10.797
CbGeAdGdD	short_repeat	4	10.736
CbGeAdGuD	short_repeat	4	10.852
CbGeAeGaD	short_repeat	4	24.772
CbGeAeGdD	short_repeat	4	23.693
CbGeAeGuD	short_repeat	4	23.388
CbGeAlDrD	short_repeat	4	2.0266
CbGeAuGaD	short_repeat	4	11.358
CbGeAuGdD	short_repeat	4	11.177
CbGeAuGuD	short_repeat	4	10.72
CbGiG<rGaD	short_repeat	4	3.6929
CbGiG<rGdD	short_repeat	4	3.6587
CbGiG<rGuD	short_repeat	4	3.7086
CbGiGaDrD	disjoint	4	2.2273
CbGiGbCpD	BAAB	4	2.2441
CbGiGbCtD	BAAB	4	2.2177
CbGiGcGaD	short_repeat	4	3.1737
CbGiGcGdD	short_repeat	4	3.144
CbGiGcGuD	short_repeat	4	3.135
CbGiGdAlD	short_repeat	4	2.4614
CbGiGdCpD	BAAB	4	2.2506
CbGiGdCtD	BAAB	4	2.2393
CbGiGdDrD	disjoint	4	2.1946
CbGiGeAlD	short_repeat	4	3.4857
CbGiGiGaD	short_repeat	4	5.6309
CbGiGiGdD	short_repeat	4	5.5896
CbGiGiGuD	short_repeat	4	5.5608
CbGiGr>GaD	short_repeat	4	3.7019
CbGiGr>GdD	short_repeat	4	3.6781
CbGiGr>GuD	short_repeat	4	3.7006
CbGiGuAlD	short_repeat	4	2.493
CbGiGuCpD	BAAB	4	2.2661
CbGiGuCtD	BAAB	4	2.2589
CbGiGuDrD	disjoint	4	2.1783
CbGpBPpGaD	short_repeat	4	6.7766
CbGpBPpGdD	short_repeat	4	6.7404
CbGpBPpGuD	short_repeat	4	6.7265
CbGpCCpGaD	short_repeat	4	2.3117
CbGpCCpGdD	short_repeat	4	2.3092
CbGpCCpGuD	short_repeat	4	2.3097
CbGpMFpGaD	short_repeat	4	2.4939
CbGpMFpGdD	short_repeat	4	2.4764
CbGpMFpGuD	short_repeat	4	2.4807
CbGpPWpGaD	short_repeat	4	2.3509
CbGpPWpGdD	short_repeat	4	2.3577
CbGpPWpGuD	short_repeat	4	2.3422
CbGr>G<rGaD	short_repeat	4	4.3062
CbGr>G<rGdD	short_repeat	4	4.2442
CbGr>G<rGuD	short_repeat	4	4.2474
CbGr>GaDrD	disjoint	4	2.1009
CbGr>GbCpD	BAAB	4	2.1329
CbGr>GbCtD	BAAB	4	2.1049
CbGr>GcGaD	short_repeat	4	3.0563
CbGr>GcGdD	short_repeat	4	3.0186
CbGr>GcGuD	short_repeat	4	3.0206
CbGr>GdAlD	short_repeat	4	2.3698
CbGr>GdCpD	BAAB	4	2.1802
CbGr>GdCtD	BAAB	4	2.1746
CbGr>GdDrD	disjoint	4	2.0676
CbGr>GeAlD	short_repeat	4	3.3739
CbGr>GiGaD	short_repeat	4	3.6135
CbGr>GiGdD	short_repeat	4	3.6456
CbGr>GiGuD	short_repeat	4	3.6415
CbGr>Gr>GaD	short_repeat	4	3.6631
CbGr>Gr>GdD	short_repeat	4	3.6429
CbGr>Gr>GuD	short_repeat	4	3.6566
CbGr>GuAlD	short_repeat	4	2.344
CbGr>GuCpD	BAAB	4	2.1174
CbGr>GuCtD	BAAB	4	2.1452
CbGr>GuDrD	disjoint	4	2.0823
CbGuAdGaD	short_repeat	4	7.295
CbGuAdGdD	short_repeat	4	7.2902
CbGuAdGuD	short_repeat	4	7.2866
CbGuAeGaD	short_repeat	4	13.498
CbGuAeGdD	short_repeat	4	13.446
CbGuAeGuD	short_repeat	4	13.334
CbGuAlDrD	short_repeat	4	1.0834
CbGuAuGaD	short_repeat	4	7.3924
CbGuAuGdD	short_repeat	4	7.3225
CbGuAuGuD	short_repeat	4	7.3065
CbGuCbGaD	BABA	4	1.5739
CbGuCbGdD	BABA	4	1.5456
CbGuCbGuD	BABA	4	1.5598
CbGuCdGaD	BABA	4	1.6315
CbGuCdGdD	BABA	4	1.6148
CbGuCdGuD	BABA	4	1.6272
CbGuCpDrD	disjoint	4	0.92191
CbGuCrCpD	short_repeat	4	1.0216
CbGuCrCtD	short_repeat	4	1.1088
CbGuCtDrD	disjoint	4	1.0398
CbGuCuGaD	BABA	4	1.8531
CbGuCuGdD	BABA	4	1.8319
CbGuCuGuD	BABA	4	1.8287
CbGuDaGaD	BABA	4	1.7777
CbGuDaGdD	BABA	4	1.5844
CbGuDaGuD	BABA	4	1.4892
CbGuDdGaD	BABA	4	1.5367
CbGuDdGdD	BABA	4	1.5245
CbGuDdGuD	BABA	4	1.5233
CbGuDlAlD	short_repeat	4	0.87785
CbGuDpCpD	BABA	4	0.88225
CbGuDpCtD	BABA	4	0.8813
CbGuDpSpD	short_repeat	4	0.87354
CbGuDrDrD	short_repeat	4	0.85285
CbGuDtCpD	BABA	4	0.89709
CbGuDtCtD	BABA	4	0.90917
CbGuDuGaD	BABA	4	1.5509
CbGuDuGdD	BABA	4	1.5028
CbGuDuGuD	BABA	4	1.5128
CcSEcCbGaD	short_repeat	4	1.7706
CcSEcCbGdD	short_repeat	4	1.737
CcSEcCbGuD	short_repeat	4	1.7311
CcSEcCdGaD	short_repeat	4	1.7803
CcSEcCdGdD	short_repeat	4	1.745
CcSEcCdGuD	short_repeat	4	1.7362
CcSEcCpDrD	disjoint	4	1.0986
CcSEcCrCpD	short_repeat	4	1.1784
CcSEcCrCtD	short_repeat	4	1.1811
CcSEcCtDrD	disjoint	4	1.0959
CcSEcCuGaD	short_repeat	4	1.7592
CcSEcCuGdD	short_repeat	4	1.7376
CcSEcCuGuD	short_repeat	4	1.7452
CdG<rG<rGaD	short_repeat	4	3.899
CdG<rG<rGdD	short_repeat	4	3.9189
CdG<rG<rGuD	short_repeat	4	3.9177
CdG<rGaDrD	disjoint	4	2.1229
CdG<rGbCpD	BAAB	4	2.1675
CdG<rGbCtD	BAAB	4	2.1935
CdG<rGcGaD	short_repeat	4	3.1569
CdG<rGcGdD	short_repeat	4	3.1878
CdG<rGcGuD	short_repeat	4	3.1649
CdG<rGdAlD	short_repeat	4	2.5448
CdG<rGdCpD	BAAB	4	2.2267
CdG<rGdCtD	BAAB	4	2.2069
CdG<rGdDrD	disjoint	4	2.1415
CdG<rGeAlD	short_repeat	4	3.6571
CdG<rGiGaD	short_repeat	4	4.1066
CdG<rGiGdD	short_repeat	4	4.084
CdG<rGiGuD	short_repeat	4	4.1562
CdG<rGr>GaD	short_repeat	4	4.097
CdG<rGr>GdD	short_repeat	4	4.0503
CdG<rGr>GuD	short_repeat	4	4.1189
CdG<rGuAlD	short_repeat	4	2.7867
CdG<rGuCpD	BAAB	4	2.2487
CdG<rGuCtD	BAAB	4	2.2783
CdG<rGuDrD	disjoint	4	2.6244
CdGaDaGaD	BABA	4	1.7798
CdGaDaGdD	BABA	4	1.6957
CdGaDaGuD	BABA	4	1.6028
CdGaDdGaD	BABA	4	1.5715
CdGaDdGdD	BABA	4	1.5845
CdGaDdGuD	BABA	4	1.5721
CdGaDlAlD	short_repeat	4	0.93352
CdGaDpCpD	BABA	4	0.9522
CdGaDpCtD	BABA	4	0.94167
CdGaDpSpD	short_repeat	4	0.94607
CdGaDrDrD	short_repeat	4	0.94201
CdGaDtCpD	BABA	4	0.95006
CdGaDtCtD	BABA	4	0.9593
CdGaDuGaD	BABA	4	1.6398
CdGaDuGdD	BABA	4	1.6416
CdGaDuGuD	BABA	4	1.6572
CdGbCbGaD	BABA	4	1.5895
CdGbCbGdD	BABA	4	1.666
CdGbCbGuD	BABA	4	1.6471
CdGbCdGaD	BABA	4	1.6831
CdGbCdGdD	BABA	4	1.6139
CdGbCdGuD	BABA	4	1.6065
CdGbCpDrD	disjoint	4	0.94607
CdGbCrCpD	short_repeat	4	1.0501
CdGbCrCtD	short_repeat	4	1.0213
CdGbCtDrD	disjoint	4	0.94167
CdGbCuGaD	BABA	4	1.6032
CdGbCuGdD	BABA	4	1.5907
CdGbCuGuD	BABA	4	1.615
CdGcG<rGaD	short_repeat	4	3.1831
CdGcG<rGdD	short_repeat	4	3.1241
CdGcG<rGuD	short_repeat	4	3.1268
CdGcGaDrD	disjoint	4	1.8434
CdGcGbCpD	BAAB	4	1.945
CdGcGbCtD	BAAB	4	1.8631
CdGcGcGaD	short_repeat	4	2.9974
CdGcGcGdD	short_repeat	4	2.9717
CdGcGcGuD	short_repeat	4	2.9414
CdGcGdAlD	short_repeat	4	2.1223
CdGcGdCpD	BAAB	4	1.9252
CdGcGdCtD	BAAB	4	1.8977
CdGcGdDrD	disjoint	4	1.842
CdGcGeAlD	short_repeat	4	3.12
CdGcGiGaD	short_repeat	4	3.253
CdGcGiGdD	short_repeat	4	3.2822
CdGcGiGuD	short_repeat	4	3.2658
CdGcGr>GaD	short_repeat	4	3.1258
CdGcGr>GdD	short_repeat	4	3.1518
CdGcGr>GuD	short_repeat	4	3.1403
CdGcGuAlD	short_repeat	4	2.0744
CdGcGuCpD	BAAB	4	1.8874
CdGcGuCtD	BAAB	4	1.9165
CdGcGuDrD	disjoint	4	1.9312
CdGdAdGaD	short_repeat	4	8.2101
CdGdAdGdD	short_repeat	4	8.0603
CdGdAdGuD	short_repeat	4	8.1452
CdGdAeGaD	short_repeat	4	15.379
CdGdAeGdD	short_repeat	4	14.845
CdGdAeGuD	short_repeat	4	14.822
CdGdAlDrD	short_repeat	4	1.1115
CdGdAuGaD	short_repeat	4	8.2888
CdGdAuGdD	short_repeat	4	8.4685
CdGdAuGuD	short_repeat	4	8.2512
CdGdCbGaD	BABA	4	1.6406
CdGdCbGdD	BABA	4	1.6872
CdGdCbGuD	BABA	4	1.693
CdGdCdGaD	BABA	4	1.8504
CdGdCdGdD	BABA	4	1.8537
CdGdCdGuD	BABA	4	1.8657
CdGdCpDrD	disjoint	4	1.0182
CdGdCrCpD	short_repeat	4	1.0762
CdGdCrCtD	short_repeat	4	1.0914
CdGdCtDrD	disjoint	4	1.0086
CdGdCuGaD	BABA	4	1.7985
CdGdCuGdD	BABA	4	1.8145
CdGdCuGuD	BABA	4	1.7655
CdGdDaGaD	BABA	4	1.641
CdGdDaGdD	BABA	4	1.5986
CdGdDaGuD	BABA	4	1.5967
CdGdDdGaD	BABA	4	1.6414
CdGdDdGdD	BABA	4	1.597
CdGdDdGuD	BABA	4	1.6031
CdGdDlAlD	short_repeat	4	0.94529
CdGdDpCpD	BABA	4	0.99636
CdGdDpCtD	BABA	4	0.9953
CdGdDpSpD	short_repeat	4	0.98919
CdGdDrDrD	short_repeat	4	0.94688
CdGdDtCpD	BABA	4	0.94194
CdGdDtCtD	BABA	4	0.98753
CdGdDuGaD	BABA	4	1.6119
CdGdDuGdD	BABA	4	1.6332
CdGdDuGuD	BABA	4	1.628
CdGeAdGaD	short_repeat	4	11.885
CdGeAdGdD	short_repeat	4	11.831
CdGeAdGuD	short_repeat	4	11.782
CdGeAeGaD	short_repeat	4	23.747
CdGeAeGdD	short_repeat	4	25.284
CdGeAeGuD	short_repeat	4	25.767
CdGeAlDrD	short_repeat	4	2.2157
CdGeAuGaD	short_repeat	4	12.934
CdGeAuGdD	short_repeat	4	12.899
CdGeAuGuD	short_repeat	4	12.664
CdGiG<rGaD	short_repeat	4	4.0781
CdGiG<rGdD	short_repeat	4	4.0656
CdGiG<rGuD	short_repeat	4	4.1351
CdGiGaDrD	disjoint	4	2.4313
CdGiGbCpD	BAAB	4	2.4448
CdGiGbCtD	BAAB	4	2.5579
CdGiGcGaD	short_repeat	4	3.502
CdGiGcGdD	short_repeat	4	3.4085
CdGiGcGuD	short_repeat	4	3.2778
CdGiGdAlD	short_repeat	4	2.5419
CdGiGdCpD	BAAB	4	2.2795
CdGiGdCtD	BAAB	4	2.3116
CdGiGdDrD	disjoint	4	2.2607
CdGiGeAlD	short_repeat	4	3.5583
CdGiGiGaD	short_repeat	4	6.9444
CdGiGiGdD	short_repeat	4	6.4302
CdGiGiGuD	short_repeat	4	6.5589
CdGiGr>GaD	short_repeat	4	3.8657
CdGiGr>GdD	short_repeat	4	3.8882
CdGiGr>GuD	short_repeat	4	3.8557
CdGiGuAlD	short_repeat	4	2.5841
CdGiGuCpD	BAAB	4	2.2913
CdGiGuCtD	BAAB	4	2.3027
CdGiGuDrD	disjoint	4	2.2384
CdGpBPpGaD	short_repeat	4	7.0633
CdGpBPpGdD	short_repeat	4	6.9726
CdGpBPpGuD	short_repeat	4	6.9396
CdGpCCpGaD	short_repeat	4	2.4962
CdGpCCpGdD	short_repeat	4	2.4505
CdGpCCpGuD	short_repeat	4	2.4069
CdGpMFpGaD	short_repeat	4	2.5824
CdGpMFpGdD	short_repeat	4	2.5868
CdGpMFpGuD	short_repeat	4	2.5589
CdGpPWpGaD	short_repeat	4	2.4322
CdGpPWpGdD	short_repeat	4	2.3734
CdGpPWpGuD	short_repeat	4	2.3701
CdGr>G<rGaD	short_repeat	4	4.4729
CdGr>G<rGdD	short_repeat	4	4.4158
CdGr>G<rGuD	short_repeat	4	4.4689
CdGr>GaDrD	disjoint	4	2.0997
CdGr>GbCpD	BAAB	4	2.1796
CdGr>GbCtD	BAAB	4	2.189
CdGr>GcGaD	short_repeat	4	3.1185
CdGr>GcGdD	short_repeat	4	3.107
CdGr>GcGuD	short_repeat	4	3.1328
CdGr>GdAlD	short_repeat	4	2.4585
CdGr>GdCpD	BAAB	4	2.2408
CdGr>GdCtD	BAAB	4	2.2701
CdGr>GdDrD	disjoint	4	2.142
CdGr>GeAlD	short_repeat	4	3.4822
CdGr>GiGaD	short_repeat	4	3.8184
CdGr>GiGdD	short_repeat	4	3.8421
CdGr>GiGuD	short_repeat	4	4.15
CdGr>Gr>GaD	short_repeat	4	3.8402
CdGr>Gr>GdD	short_repeat	4	3.8654
CdGr>Gr>GuD	short_repeat	4	3.8955
CdGr>GuAlD	short_repeat	4	2.4236
CdGr>GuCpD	BAAB	4	2.2393
CdGr>GuCtD	BAAB	4	2.2161
CdGr>GuDrD	disjoint	4	2.2157
CdGuAdGaD	short_repeat	4	8.0464
CdGuAdGdD	short_repeat	4	8.1073
CdGuAdGuD	short_repeat	4	8.3736
CdGuAeGaD	short_repeat	4	15.047
CdGuAeGdD	short_repeat	4	14.949
CdGuAeGuD	short_repeat	4	14.958
CdGuAlDrD	short_repeat	4	1.1694
CdGuAuGaD	short_repeat	4	8.2346
CdGuAuGdD	short_repeat	4	8.2949
CdGuAuGuD	short_repeat	4	8.3085
CdGuCbGaD	BABA	4	1.6051
CdGuCbGdD	BABA	4	1.6296
CdGuCbGuD	BABA	4	1.7194
CdGuCdGaD	BABA	4	1.6727
CdGuCdGdD	BABA	4	1.6387
CdGuCdGuD	BABA	4	1.7018
CdGuCpDrD	disjoint	4	0.93879
CdGuCrCpD	short_repeat	4	1.1229
CdGuCrCtD	short_repeat	4	1.0476
CdGuCtDrD	disjoint	4	0.97068
CdGuCuGaD	BABA	4	1.7704
CdGuCuGdD	BABA	4	1.7114
CdGuCuGuD	BABA	4	1.7259
CdGuDaGaD	BABA	4	1.6142
CdGuDaGdD	BABA	4	1.5669
CdGuDaGuD	BABA	4	1.6838
CdGuDdGaD	BABA	4	1.7228
CdGuDdGdD	BABA	4	1.7251
CdGuDdGuD	BABA	4	1.6087
CdGuDlAlD	short_repeat	4	0.94618
CdGuDpCpD	BABA	4	0.94282
CdGuDpCtD	BABA	4	0.96626
CdGuDpSpD	short_repeat	4	0.97377
CdGuDrDrD	short_repeat	4	0.99453
CdGuDtCpD	BABA	4	0.97652
CdGuDtCtD	BABA	4	0.95648
CdGuDuGaD	BABA	4	1.6851
CdGuDuGdD	BABA	4	1.5601
CdGuDuGuD	BABA	4	1.5652
CiPCiCbGaD	short_repeat	4	0.92167
CiPCiCbGdD	short_repeat	4	0.90896
CiPCiCbGuD	short_repeat	4	0.90849
CiPCiCdGaD	short_repeat	4	0.93724
CiPCiCdGdD	short_repeat	4	0.92522
CiPCiCdGuD	short_repeat	4	0.93216
CiPCiCpDrD	disjoint	4	0.2795
CiPCiCrCpD	short_repeat	4	0.33806
CiPCiCrCtD	short_repeat	4	0.33973
CiPCiCtDrD	disjoint	4	0.28043
CiPCiCuGaD	short_repeat	4	0.93884
CiPCiCuGdD	short_repeat	4	0.93112
CiPCiCuGuD	short_repeat	4	0.92706
CpDaG<rGaD	BAAB	4	2.1035
CpDaG<rGdD	BAAB	4	2.1119
CpDaG<rGuD	BAAB	4	2.1126
CpDaGaDrD	short_repeat	4	0.88403
CpDaGbCpD	BABA	4	0.92125
CpDaGbCtD	BABA	4	0.90908
CpDaGcGaD	BAAB	4	1.7554
CpDaGcGdD	BAAB	4	1.7719
CpDaGcGuD	BAAB	4	1.7644
CpDaGdAlD	short_repeat	4	1.0773
CpDaGdCpD	BABA	4	0.93415
CpDaGdCtD	BABA	4	0.93238
CpDaGdDrD	short_repeat	4	0.87236
CpDaGeAlD	short_repeat	4	1.935
CpDaGiGaD	BAAB	4	2.1676
CpDaGiGdD	BAAB	4	2.1619
CpDaGiGuD	BAAB	4	2.1574
CpDaGr>GaD	BAAB	4	2.0671
CpDaGr>GdD	BAAB	4	2.0572
CpDaGr>GuD	BAAB	4	2.063
CpDaGuAlD	short_repeat	4	1.0661
CpDaGuCpD	BABA	4	0.92331
CpDaGuCtD	BABA	4	0.92668
CpDaGuDrD	short_repeat	4	0.87065
CpDdG<rGaD	BAAB	4	2.0659
CpDdG<rGdD	BAAB	4	2.0626
CpDdG<rGuD	BAAB	4	2.074
CpDdGaDrD	short_repeat	4	0.86432
CpDdGbCpD	BABA	4	0.89999
CpDdGbCtD	BABA	4	0.89732
CpDdGcGaD	BAAB	4	1.7525
CpDdGcGdD	BAAB	4	1.7248
CpDdGcGuD	BAAB	4	1.7461
CpDdGdAlD	short_repeat	4	1.0635
CpDdGdCpD	BABA	4	0.90946
CpDdGdCtD	BABA	4	0.9196
CpDdGdDrD	short_repeat	4	0.85123
CpDdGeAlD	short_repeat	4	1.9234
CpDdGiGaD	BAAB	4	2.1365
CpDdGiGdD	BAAB	4	2.124
CpDdGiGuD	BAAB	4	2.1222
CpDdGr>GaD	BAAB	4	2.0663
CpDdGr>GdD	BAAB	4	2.0721
CpDdGr>GuD	BAAB	4	2.0344
CpDdGuAlD	short_repeat	4	1.0473
CpDdGuCpD	BABA	4	0.90348
CpDdGuCtD	BABA	4	0.91306
CpDdGuDrD	short_repeat	4	0.85315
CpDlAdGaD	short_repeat	4	1.1209
CpDlAdGdD	short_repeat	4	1.1132
CpDlAdGuD	short_repeat	4	1.1122
CpDlAeGaD	short_repeat	4	2.2119
CpDlAeGdD	short_repeat	4	2.1886
CpDlAeGuD	short_repeat	4	2.1954
CpDlAlDrD	short_repeat	4	0.25659
CpDlAuGaD	short_repeat	4	1.1188
CpDlAuGdD	short_repeat	4	1.0886
CpDlAuGuD	short_repeat	4	1.0952
CpDpCbGaD	BABA	4	0.90374
CpDpCbGdD	BABA	4	0.88383
CpDpCbGuD	BABA	4	0.88316
CpDpCdGaD	BABA	4	0.91772
CpDpCdGdD	BABA	4	0.90883
CpDpCdGuD	BABA	4	0.91877
CpDpCpDrD	other	4	
CpDpCrCpD	other	4	
CpDpCrCtD	other	4	
CpDpCtDrD	other	4	
CpDpCuGaD	BABA	4	0.91311
CpDpCuGdD	BABA	4	0.8973
CpDpCuGuD	BABA	4	0.89569
CpDpSpDrD	short_repeat	4	0.25099
CpDrDaGaD	short_repeat	4	0.86316
CpDrDaGdD	short_repeat	4	0.85512
CpDrDaGuD	short_repeat	4	0.85903
CpDrDdGaD	short_repeat	4	0.8588
CpDrDdGdD	short_repeat	4	0.84553
CpDrDdGuD	short_repeat	4	0.84865
CpDrDlAlD	short_repeat	4	0.25408
CpDrDpCpD	other	4	
CpDrDpCtD	other	4	
CpDrDpSpD	short_repeat	4	0.25476
CpDrDrDrD	long_repeat	4	
CpDrDtCpD	other	4	
CpDrDtCtD	other	4	
CpDrDuGaD	short_repeat	4	0.86445
CpDrDuGdD	short_repeat	4	0.85281
CpDrDuGuD	short_repeat	4	0.84906
CpDtCbGaD	BABA	4	0.90077
CpDtCbGdD	BABA	4	0.89685
CpDtCbGuD	BABA	4	0.88922
CpDtCdGaD	BABA	4	0.9323
CpDtCdGdD	BABA	4	0.9093
CpDtCdGuD	BABA	4	0.90527
CpDtCpDrD	other	4	
CpDtCrCpD	other	4	
CpDtCrCtD	other	4	
CpDtCtDrD	other	4	
CpDtCuGaD	BABA	4	0.91723
CpDtCuGdD	BABA	4	0.90636
CpDtCuGuD	BABA	4	0.90566
CpDuG<rGaD	BAAB	4	2.0527
CpDuG<rGdD	BAAB	4	2.0493
CpDuG<rGuD	BAAB	4	2.0475
CpDuGaDrD	short_repeat	4	0.85853
CpDuGbCpD	BABA	4	0.88721
CpDuGbCtD	BABA	4	0.89748
CpDuGcGaD	BAAB	4	1.7524
CpDuGcGdD	BAAB	4	1.7344
CpDuGcGuD	BAAB	4	1.7235
CpDuGdAlD	short_repeat	4	1.0531
CpDuGdCpD	BABA	4	0.91408
CpDuGdCtD	BABA	4	0.91131
CpDuGdDrD	short_repeat	4	0.84529
CpDuGeAlD	short_repeat	4	1.8913
CpDuGiGaD	BAAB	4	2.2316
CpDuGiGdD	BAAB	4	2.1368
CpDuGiGuD	BAAB	4	2.1366
CpDuGr>GaD	BAAB	4	2.087
CpDuGr>GdD	BAAB	4	2.0503
CpDuGr>GuD	BAAB	4	2.0355
CpDuGuAlD	short_repeat	4	1.0429
CpDuGuCpD	BABA	4	0.90331
CpDuGuCtD	BABA	4	0.89949
CpDuGuDrD	short_repeat	4	0.83725
CrCbG<rGaD	disjoint	4	2.1232
CrCbG<rGdD	disjoint	4	2.1126
CrCbG<rGuD	disjoint	4	2.0954
CrCbGaDrD	disjoint	4	0.91383
CrCbGbCpD	short_repeat	4	0.95936
CrCbGbCtD	short_repeat	4	0.96647
CrCbGcGaD	disjoint	4	1.7752
CrCbGcGdD	disjoint	4	1.7832
CrCbGcGuD	disjoint	4	1.7712
CrCbGdAlD	short_repeat	4	1.125
CrCbGdCpD	short_repeat	4	0.97035
CrCbGdCtD	short_repeat	4	0.97571
CrCbGdDrD	disjoint	4	0.90655
CrCbGeAlD	short_repeat	4	1.9706
CrCbGiGaD	disjoint	4	2.1871
CrCbGiGdD	disjoint	4	2.1871
CrCbGiGuD	disjoint	4	2.2956
CrCbGr>GaD	disjoint	4	2.2081
CrCbGr>GdD	disjoint	4	2.2592
CrCbGr>GuD	disjoint	4	2.131
CrCbGuAlD	short_repeat	4	1.1313
CrCbGuCpD	short_repeat	4	0.96479
CrCbGuCtD	short_repeat	4	1.0125
CrCbGuDrD	disjoint	4	0.94644
CrCcSEcCpD	short_repeat	4	1.2534
CrCcSEcCtD	short_repeat	4	1.2572
CrCdG<rGaD	disjoint	4	2.281
CrCdG<rGdD	disjoint	4	2.2514
CrCdG<rGuD	disjoint	4	2.2973
CrCdGaDrD	disjoint	4	1.0807
CrCdGbCpD	short_repeat	4	1.0772
CrCdGbCtD	short_repeat	4	1.0659
CrCdGcGaD	disjoint	4	2.0968
CrCdGcGdD	disjoint	4	2.1202
CrCdGcGuD	disjoint	4	2.0765
CrCdGdAlD	short_repeat	4	1.272
CrCdGdCpD	short_repeat	4	1.1474
CrCdGdCtD	short_repeat	4	1.0288
CrCdGdDrD	disjoint	4	1.0769
CrCdGeAlD	short_repeat	4	2.107
CrCdGiGaD	disjoint	4	2.3496
CrCdGiGdD	disjoint	4	2.3499
CrCdGiGuD	disjoint	4	2.2394
CrCdGr>GaD	disjoint	4	2.1506
CrCdGr>GdD	disjoint	4	2.1696
CrCdGr>GuD	disjoint	4	2.5214
CrCdGuAlD	short_repeat	4	1.1924
CrCdGuCpD	short_repeat	4	1.0233
CrCdGuCtD	short_repeat	4	1.018
CrCdGuDrD	disjoint	4	0.99301
CrCiPCiCpD	short_repeat	4	0.34873
CrCiPCiCtD	short_repeat	4	0.33947
CrCpDaGaD	disjoint	4	1.0974
CrCpDaGdD	disjoint	4	1.0558
CrCpDaGuD	disjoint	4	1.1318
CrCpDdGaD	disjoint	4	1.1255
CrCpDdGdD	disjoint	4	1.118
CrCpDdGuD	disjoint	4	1.0625
CrCpDlAlD	disjoint	4	0.32507
CrCpDpCpD	other	4	
CrCpDpCtD	other	4	
CrCpDpSpD	disjoint	4	0.32634
CrCpDrDrD	disjoint	4	0.29846
CrCpDtCpD	other	4	
CrCpDtCtD	other	4	
CrCpDuGaD	disjoint	4	0.94621
CrCpDuGdD	disjoint	4	0.96818
CrCpDuGuD	disjoint	4	0.92391
CrCrCbGaD	short_repeat	4	0.99062
CrCrCbGdD	short_repeat	4	0.99287
CrCrCbGuD	short_repeat	4	0.9892
CrCrCdGaD	short_repeat	4	1.032
CrCrCdGdD	short_repeat	4	1.0802
CrCrCdGuD	short_repeat	4	1.0475
CrCrCpDrD	disjoint	4	0.35925
CrCrCrCpD	long_repeat	4	
CrCrCrCtD	long_repeat	4	
CrCrCtDrD	disjoint	4	0.38984
CrCrCuGaD	short_repeat	4	1.0619
CrCrCuGdD	short_repeat	4	1.0208
CrCrCuGuD	short_repeat	4	1.0568
CrCtDaGaD	disjoint	4	1.0188
CrCtDaGdD	disjoint	4	0.95607
CrCtDaGuD	disjoint	4	1.1104
CrCtDdGaD	disjoint	4	1.1316
CrCtDdGdD	disjoint	4	0.97519
CrCtDdGuD	disjoint	4	0.91991
CrCtDlAlD	disjoint	4	0.32717
CrCtDpCpD	other	4	
CrCtDpCtD	other	4	
CrCtDpSpD	disjoint	4	0.32254
CrCtDrDrD	disjoint	4	0.29668
CrCtDtCpD	other	4	
CrCtDtCtD	other	4	
CrCtDuGaD	disjoint	4	0.92401
CrCtDuGdD	disjoint	4	0.9129
CrCtDuGuD	disjoint	4	0.90811
CrCuG<rGaD	disjoint	4	2.2293
CrCuG<rGdD	disjoint	4	2.7743
CrCuG<rGuD	disjoint	4	2.6066
CrCuGaDrD	disjoint	4	1.1197
CrCuGbCpD	short_repeat	4	1.0654
CrCuGbCtD	short_repeat	4	1.0834
CrCuGcGaD	disjoint	4	2.1334
CrCuGcGdD	disjoint	4	2.0944
CrCuGcGuD	disjoint	4	2.0622
CrCuGdAlD	short_repeat	4	1.2724
CrCuGdCpD	short_repeat	4	1.1117
CrCuGdCtD	short_repeat	4	1.1421
CrCuGdDrD	disjoint	4	1.0599
CrCuGeAlD	short_repeat	4	2.2109
CrCuGiGaD	disjoint	4	2.526
CrCuGiGdD	disjoint	4	2.5368
CrCuGiGuD	disjoint	4	2.6426
CrCuGr>GaD	disjoint	4	2.5474
CrCuGr>GdD	disjoint	4	2.3785
CrCuGr>GuD	disjoint	4	2.3752
CrCuGuAlD	short_repeat	4	1.2644
CrCuGuCpD	short_repeat	4	1.1292
CrCuGuCtD	short_repeat	4	1.0918
CrCuGuDrD	disjoint	4	0.97689
CtDaG<rGaD	BAAB	4	2.304
CtDaG<rGdD	BAAB	4	2.5042
CtDaG<rGuD	BAAB	4	2.3039
CtDaGaDrD	short_repeat	4	0.90516
CtDaGbCpD	BABA	4	0.9197
CtDaGbCtD	BABA	4	0.91331
CtDaGcGaD	BAAB	4	1.8437
CtDaGcGdD	BAAB	4	1.8878
CtDaGcGuD	BAAB	4	1.7566
CtDaGdAlD	short_repeat	4	1.1172
CtDaGdCpD	BABA	4	1.0558
CtDaGdCtD	BABA	4	0.98173
CtDaGdDrD	short_repeat	4	0.898
CtDaGeAlD	short_repeat	4	1.9425
CtDaGiGaD	BAAB	4	2.2804
CtDaGiGdD	BAAB	4	2.1839
CtDaGiGuD	BAAB	4	2.3446
CtDaGr>GaD	BAAB	4	2.2356
CtDaGr>GdD	BAAB	4	2.0926
CtDaGr>GuD	BAAB	4	2.0622
CtDaGuAlD	short_repeat	4	1.0737
CtDaGuCpD	BABA	4	0.93088
CtDaGuCtD	BABA	4	0.9382
CtDaGuDrD	short_repeat	4	0.88254
CtDdG<rGaD	BAAB	4	2.1119
CtDdG<rGdD	BAAB	4	2.1353
CtDdG<rGuD	BAAB	4	2.133
CtDdGaDrD	short_repeat	4	0.8789
CtDdGbCpD	BABA	4	0.89785
CtDdGbCtD	BABA	4	0.91369
CtDdGcGaD	BAAB	4	1.874
CtDdGcGdD	BAAB	4	1.9012
CtDdGcGuD	BAAB	4	1.9161
CtDdGdAlD	short_repeat	4	1.0925
CtDdGdCpD	BABA	4	0.94599
CtDdGdCtD	BABA	4	0.94135
CtDdGdDrD	short_repeat	4	0.87571
CtDdGeAlD	short_repeat	4	1.9397
CtDdGiGaD	BAAB	4	2.1848
CtDdGiGdD	BAAB	4	2.2162
CtDdGiGuD	BAAB	4	2.1946
CtDdGr>GaD	BAAB	4	2.1204
CtDdGr>GdD	BAAB	4	2.0841
CtDdGr>GuD	BAAB	4	2.0743
CtDdGuAlD	short_repeat	4	1.0478
CtDdGuCpD	BABA	4	0.94615
CtDdGuCtD	BABA	4	0.94423
CtDdGuDrD	short_repeat	4	0.88484
CtDlAdGaD	short_repeat	4	1.1259
CtDlAdGdD	short_repeat	4	1.1332
CtDlAdGuD	short_repeat	4	1.1213
CtDlAeGaD	short_repeat	4	2.2438
CtDlAeGdD	short_repeat	4	2.2199
CtDlAeGuD	short_repeat	4	2.2245
CtDlAlDrD	short_repeat	4	0.25947
CtDlAuGaD	short_repeat	4	1.1331
CtDlAuGdD	short_repeat	4	1.1109
CtDlAuGuD	short_repeat	4	1.1101
CtDpCbGaD	BABA	4	0.91541
CtDpCbGdD	BABA	4	0.90545
CtDpCbGuD	BABA	4	0.92329
CtDpCdGaD	BABA	4	0.9449
CtDpCdGdD	BABA	4	0.93821
CtDpCdGuD	BABA	4	0.93126
CtDpCpDrD	other	4	
CtDpCrCpD	other	4	
CtDpCrCtD	other	4	
CtDpCtDrD	other	4	
CtDpCuGaD	BABA	4	0.94083
CtDpCuGdD	BABA	4	0.91688
CtDpCuGuD	BABA	4	0.92486
CtDpSpDrD	short_repeat	4	0.26325
CtDrDaGaD	short_repeat	4	0.92535
CtDrDaGdD	short_repeat	4	0.89526
CtDrDaGuD	short_repeat	4	0.87484
CtDrDdGaD	short_repeat	4	0.85856
CtDrDdGdD	short_repeat	4	0.8637
CtDrDdGuD	short_repeat	4	0.85451
CtDrDlAlD	short_repeat	4	0.2612
CtDrDpCpD	other	4	
CtDrDpCtD	other	4	
CtDrDpSpD	short_repeat	4	0.25805
CtDrDrDrD	long_repeat	4	
CtDrDtCpD	other	4	
CtDrDtCtD	other	4	
CtDrDuGaD	short_repeat	4	0.8823
CtDrDuGdD	short_repeat	4	0.89105
CtDrDuGuD	short_repeat	4	0.87768
CtDtCbGaD	BABA	4	0.91095
CtDtCbGdD	BABA	4	0.91898
CtDtCbGuD	BABA	4	0.88988
CtDtCdGaD	BABA	4	0.93375
CtDtCdGdD	BABA	4	0.91736
CtDtCdGuD	BABA	4	0.9231
CtDtCpDrD	other	4	
CtDtCrCpD	other	4	
CtDtCrCtD	other	4	
CtDtCtDrD	other	4	
CtDtCuGaD	BABA	4	0.91965
CtDtCuGdD	BABA	4	0.92321
CtDtCuGuD	BABA	4	0.92885
CtDuG<rGaD	BAAB	4	2.1144
CtDuG<rGdD	BAAB	4	2.1105
CtDuG<rGuD	BAAB	4	2.113
CtDuGaDrD	short_repeat	4	0.9394
CtDuGbCpD	BABA	4	1.0065
CtDuGbCtD	BABA	4	0.96379
CtDuGcGaD	BAAB	4	1.7965
CtDuGcGdD	BAAB	4	1.7742
CtDuGcGuD	BAAB	4	1.7542
CtDuGdAlD	short_repeat	4	1.0969
CtDuGdCpD	BABA	4	1.0574
CtDuGdCtD	BABA	4	0.97687
CtDuGdDrD	short_repeat	4	0.89755
CtDuGeAlD	short_repeat	4	2.0214
CtDuGiGaD	BAAB	4	2.3453
CtDuGiGdD	BAAB	4	2.2557
CtDuGiGuD	BAAB	4	2.3169
CtDuGr>GaD	BAAB	4	2.1783
CtDuGr>GdD	BAAB	4	2.1889
CtDuGr>GuD	BAAB	4	2.1746
CtDuGuAlD	short_repeat	4	1.1203
CtDuGuCpD	BABA	4	0.96071
CtDuGuCtD	BABA	4	0.92416
CtDuGuDrD	short_repeat	4	0.86038
CuG<rG<rGaD	short_repeat	4	3.9925
CuG<rG<rGdD	short_repeat	4	3.9762
CuG<rG<rGuD	short_repeat	4	3.9333
CuG<rGaDrD	disjoint	4	2.1324
CuG<rGbCpD	BAAB	4	2.1937
CuG<rGbCtD	BAAB	4	2.1493
CuG<rGcGaD	short_repeat	4	3.1387
CuG<rGcGdD	short_repeat	4	3.1879
CuG<rGcGuD	short_repeat	4	3.1456
CuG<rGdAlD	short_repeat	4	2.5512
CuG<rGdCpD	BAAB	4	2.248
CuG<rGdCtD	BAAB	4	2.2235
CuG<rGdDrD	disjoint	4	2.1421
CuG<rGeAlD	short_repeat	4	3.5913
CuG<rGiGaD	short_repeat	4	4.0462
CuG<rGiGdD	short_repeat	4	3.9553
CuG<rGiGuD	short_repeat	4	3.996
CuG<rGr>GaD	short_repeat	4	4.0725
CuG<rGr>GdD	short_repeat	4	4.0558
CuG<rGr>GuD	short_repeat	4	4.3851
CuG<rGuAlD	short_repeat	4	2.6815
CuG<rGuCpD	BAAB	4	2.4465
CuG<rGuCtD	BAAB	4	2.3957
CuG<rGuDrD	disjoint	4	2.3322
CuGaDaGaD	BABA	4	1.8835
CuGaDaGdD	BABA	4	1.6836
CuGaDaGuD	BABA	4	1.7181
CuGaDdGaD	BABA	4	1.6342
CuGaDdGdD	BABA	4	1.6299
CuGaDdGuD	BABA	4	1.7118
CuGaDlAlD	short_repeat	4	0.95443
CuGaDpCpD	BABA	4	0.9158
CuGaDpCtD	BABA	4	0.93094
CuGaDpSpD	short_repeat	4	0.93679
CuGaDrDrD	short_repeat	4	0.9028
CuGaDtCpD	BABA	4	0.98432
CuGaDtCtD	BABA	4	0.99052
CuGaDuGaD	BABA	4	1.8007
CuGaDuGdD	BABA	4	1.6183
CuGaDuGuD	BABA	4	1.561
CuGbCbGaD	BABA	4	1.6634
CuGbCbGdD	BABA	4	1.6838
CuGbCbGuD	BABA	4	1.6727
CuGbCdGaD	BABA	4	1.6904
CuGbCdGdD	BABA	4	1.6154
CuGbCdGuD	BABA	4	1.757
CuGbCpDrD	disjoint	4	0.98281
CuGbCrCpD	short_repeat	4	0.98991
CuGbCrCtD	short_repeat	4	1.0171
CuGbCtDrD	disjoint	4	0.97531
CuGbCuGaD	BABA	4	1.6192
CuGbCuGdD	BABA	4	1.5882
CuGbCuGuD	BABA	4	1.6026
CuGcG<rGaD	short_repeat	4	3.1202
CuGcG<rGdD	short_repeat	4	3.022
CuGcG<rGuD	short_repeat	4	3.0366
CuGcGaDrD	disjoint	4	1.7806
CuGcGbCpD	BAAB	4	1.83
CuGcGbCtD	BAAB	4	1.8155
CuGcGcGaD	short_repeat	4	2.8187
CuGcGcGdD	short_repeat	4	2.8538
CuGcGcGuD	short_repeat	4	2.8185
CuGcGdAlD	short_repeat	4	2.0764
CuGcGdCpD	BAAB	4	1.8652
CuGcGdCtD	BAAB	4	1.8102
CuGcGdDrD	disjoint	4	1.7706
CuGcGeAlD	short_repeat	4	3.0313
CuGcGiGaD	short_repeat	4	3.1642
CuGcGiGdD	short_repeat	4	3.0878
CuGcGiGuD	short_repeat	4	3.1476
CuGcGr>GaD	short_repeat	4	3.0961
CuGcGr>GdD	short_repeat	4	3.1467
CuGcGr>GuD	short_repeat	4	3.079
CuGcGuAlD	short_repeat	4	2.088
CuGcGuCpD	BAAB	4	1.9086
CuGcGuCtD	BAAB	4	1.883
CuGcGuDrD	disjoint	4	1.8172
CuGdAdGaD	short_repeat	4	8.7226
CuGdAdGdD	short_repeat	4	8.7992
CuGdAdGuD	short_repeat	4	8.8333
CuGdAeGaD	short_repeat	4	15.24
CuGdAeGdD	short_repeat	4	15.476
CuGdAeGuD	short_repeat	4	15.336
CuGdAlDrD	short_repeat	4	1.0636
CuGdAuGaD	short_repeat	4	8.871
CuGdAuGdD	short_repeat	4	8.9292
CuGdAuGuD	short_repeat	4	8.7845
CuGdCbGaD	BABA	4	1.6395
CuGdCbGdD	BABA	4	1.7355
CuGdCbGuD	BABA	4	1.5945
CuGdCdGaD	BABA	4	1.784
CuGdCdGdD	BABA	4	1.6628
CuGdCdGuD	BABA	4	1.741
CuGdCpDrD	disjoint	4	1.085
CuGdCrCpD	short_repeat	4	1.1118
CuGdCrCtD	short_repeat	4	1.0502
CuGdCtDrD	disjoint	4	0.97277
CuGdCuGaD	BABA	4	1.7561
CuGdCuGdD	BABA	4	1.7551
CuGdCuGuD	BABA	4	1.7137
CuGdDaGaD	BABA	4	1.6909
CuGdDaGdD	BABA	4	1.6358
CuGdDaGuD	BABA	4	1.6501
CuGdDdGaD	BABA	4	1.7048
CuGdDdGdD	BABA	4	1.7209
CuGdDdGuD	BABA	4	1.6551
CuGdDlAlD	short_repeat	4	0.93528
CuGdDpCpD	BABA	4	0.9537
CuGdDpCtD	BABA	4	0.91714
CuGdDpSpD	short_repeat	4	0.90203
CuGdDrDrD	short_repeat	4	0.93683
CuGdDtCpD	BABA	4	0.9443
CuGdDtCtD	BABA	4	0.96778
CuGdDuGaD	BABA	4	1.6367
CuGdDuGdD	BABA	4	1.7457
CuGdDuGuD	BABA	4	1.7553
CuGeAdGaD	short_repeat	4	13.235
CuGeAdGdD	short_repeat	4	12.146
CuGeAdGuD	short_repeat	4	12.398
CuGeAeGaD	short_repeat	4	24.753
CuGeAeGdD	short_repeat	4	25.253
CuGeAeGuD	short_repeat	4	25.535
CuGeAlDrD	short_repeat	4	2.1862
CuGeAuGaD	short_repeat	4	12.952
CuGeAuGdD	short_repeat	4	12.972
CuGeAuGuD	short_repeat	4	13.114
CuGiG<rGaD	short_repeat	4	3.9818
CuGiG<rGdD	short_repeat	4	3.8206
CuGiG<rGuD	short_repeat	4	3.7441
CuGiGaDrD	disjoint	4	2.1848
CuGiGbCpD	BAAB	4	2.3881
CuGiGbCtD	BAAB	4	2.3931
CuGiGcGaD	short_repeat	4	3.2404
CuGiGcGdD	short_repeat	4	3.2506
CuGiGcGuD	short_repeat	4	3.1085
CuGiGdAlD	short_repeat	4	2.4572
CuGiGdCpD	BAAB	4	2.2433
CuGiGdCtD	BAAB	4	2.2382
CuGiGdDrD	disjoint	4	2.2607
CuGiGeAlD	short_repeat	4	3.4826
CuGiGiGaD	short_repeat	4	6.3704
CuGiGiGdD	short_repeat	4	6.3454
CuGiGiGuD	short_repeat	4	6.9357
CuGiGr>GaD	short_repeat	4	3.9319
CuGiGr>GdD	short_repeat	4	4.3876
CuGiGr>GuD	short_repeat	4	4.0894
CuGiGuAlD	short_repeat	4	2.8384
CuGiGuCpD	BAAB	4	2.35
CuGiGuCtD	BAAB	4	2.3447
CuGiGuDrD	disjoint	4	2.2346
CuGpBPpGaD	short_repeat	4	6.9663
CuGpBPpGdD	short_repeat	4	6.9992
CuGpBPpGuD	short_repeat	4	6.9458
CuGpCCpGaD	short_repeat	4	2.5412
CuGpCCpGdD	short_repeat	4	2.4155
CuGpCCpGuD	short_repeat	4	2.3982
CuGpMFpGaD	short_repeat	4	2.5147
CuGpMFpGdD	short_repeat	4	2.5217
CuGpMFpGuD	short_repeat	4	2.799
CuGpPWpGaD	short_repeat	4	2.4356
CuGpPWpGdD	short_repeat	4	2.435
CuGpPWpGuD	short_repeat	4	2.4988
CuGr>G<rGaD	short_repeat	4	4.7245
CuGr>G<rGdD	short_repeat	4	4.641
CuGr>G<rGuD	short_repeat	4	4.841
CuGr>GaDrD	disjoint	4	2.1714
CuGr>GbCpD	BAAB	4	2.2671
CuGr>GbCtD	BAAB	4	2.3869
CuGr>GcGaD	short_repeat	4	3.2479
CuGr>GcGdD	short_repeat	4	3.3
CuGr>GcGuD	short_repeat	4	3.4319
CuGr>GdAlD	short_repeat	4	2.6287
CuGr>GdCpD	BAAB	4	2.5763
CuGr>GdCtD	BAAB	4	2.4148
CuGr>GdDrD	disjoint	4	2.2609
CuGr>GeAlD	short_repeat	4	3.4919
CuGr>GiGaD	short_repeat	4	3.7678
CuGr>GiGdD	short_repeat	4	3.8284
CuGr>GiGuD	short_repeat	4	4.2297
CuGr>Gr>GaD	short_repeat	4	3.936
CuGr>Gr>GdD	short_repeat	4	3.7895
CuGr>Gr>GuD	short_repeat	4	3.7893
CuGr>GuAlD	short_repeat	4	2.3913
CuGr>GuCpD	BAAB	4	2.1377
CuGr>GuCtD	BAAB	4	2.1511
CuGr>GuDrD	disjoint	4	2.1256
CuGuAdGaD	short_repeat	4	9.1919
CuGuAdGdD	short_repeat	4	9.1651
CuGuAdGuD	short_repeat	4	9.0075
CuGuAeGaD	short_repeat	4	15.46
CuGuAeGdD	short_repeat	4	15.518
CuGuAeGuD	short_repeat	4	15.255
CuGuAlDrD	short_repeat	4	1.1148
CuGuAuGaD	short_repeat	4	9.3859
CuGuAuGdD	short_repeat	4	9.9222
CuGuAuGuD	short_repeat	4	9.0348
CuGuCbGaD	BABA	4	1.7804
CuGuCbGdD	BABA	4	1.7374
CuGuCbGuD	BABA	4	1.6065
CuGuCdGaD	BABA	4	1.708
CuGuCdGdD	BABA	4	1.6963
CuGuCdGuD	BABA	4	1.7098
CuGuCpDrD	disjoint	4	0.9495
CuGuCrCpD	short_repeat	4	1.0135
CuGuCrCtD	short_repeat	4	1.0074
CuGuCtDrD	disjoint	4	0.95424
CuGuCuGaD	BABA	4	1.6867
CuGuCuGdD	BABA	4	1.6834
CuGuCuGuD	BABA	4	1.6793
CuGuDaGaD	BABA	4	1.5994
CuGuDaGdD	BABA	4	1.5674
CuGuDaGuD	BABA	4	1.5531
CuGuDdGaD	BABA	4	1.5767
CuGuDdGdD	BABA	4	1.5613
CuGuDdGuD	BABA	4	1.5533
CuGuDlAlD	short_repeat	4	0.90199
CuGuDpCpD	BABA	4	0.93542
CuGuDpCtD	BABA	4	0.94849
CuGuDpSpD	short_repeat	4	0.93816
CuGuDrDrD	short_repeat	4	0.92861
CuGuDtCpD	BABA	4	0.94663
CuGuDtCtD	BABA	4	0.93219
CuGuDuGaD	BABA	4	1.6217
CuGuDuGdD	BABA	4	1.573
CuGuDuGuD	BABA	4	1.6011
